Server,Profession,Category Name,Category Button ID,Item Name,Item Button ID,Resource 1,Resource 1 Quantity,Resource 2,Resource 2 Quantity,Resource 3,Resource 3 Quantity,Resource 4,Resource 4 Quantity,Resource 5,Resource 5 Quantity
UOAlive,Bowcrafting,Materials,1,Elven Fletching,2,Feathers,20,Faery Dust,1,,,,,,
UOAlive,Bowcrafting,Materials,1,Kindling,22,Board,1,,,,,,,,
UOAlive,Bowcrafting,Materials,1,Shaft,42,Board,1,,,,,,,,
UOAlive,Bowcrafting,Ammunition,21,Arrow,2,Arrow Shafts,1,Feathers,1,,,,,,
UOAlive,Bowcrafting,Ammunition,21,Crossbow Bolt,22,Arrow Shafts,1,Feathers,1,,,,,,
UOAlive,Bowcrafting,Ammunition,21,Fukiya Dart,42,Board,1,,,,,,,,
UOAlive,Bowcrafting,Weapons,41,Bow,2,Board,7,,,,,,,,
UOAlive,Bowcrafting,Weapons,41,Crossbow,22,Board,7,,,,,,,,
UOAlive,Bowcrafting,Weapons,41,Heavy Crossbow,42,Board,10,,,,,,,,
UOAlive,Bowcrafting,Weapons,41,Composite Bow,62,Board,7,,,,,,,,
UOAlive,Bowcrafting,Weapons,41,Repeating Crossbow,82,Board,10,,,,,,,,
UOAlive,Bowcrafting,Weapons,41,Yumi,102,Board,10,,,,,,,,
UOAlive,Bowcrafting,Weapons,41,Elven Composite Longbow,122,Board,20,,,,,,,,
UOAlive,Bowcrafting,Weapons,41,Magical Shortbow,142,Board,15,,,,,,,,
UOAlive,Bowcrafting,Weapons,41,Blight Gripped Longbow,162,Board,20,Lord of Paroxysmus,1,Blight,10,Corruption,10,,
UOAlive,Bowcrafting,Weapons,41,Faerie Fire,182,Board,20,Lord of Paroxysmus,1,Putrefaction,10,Taint,10,,
UOAlive,Bowcrafting,Weapons,41,Silvani's Feywood Bow,202,Board,20,Lord of Paroxysmus,1,Scourge,10,Muculent,10,,
UOAlive,Bowcrafting,Weapons,41,Mischief Maker,222,Board,15,Dread Horn Mane,1,Corruption,10,Putrefaction,10,,
UOAlive,Bowcrafting,Weapons,41,The Night Reaper,242,Board,10,Dread Horn Mane,1,Blight,10,Scourge,10,,
UOAlive,Bowcrafting,Weapons,41,Barbed Longbow,262,Board,20,Fire Ruby,1,,,,,,
UOAlive,Bowcrafting,Weapons,41,Slayer Longbow,282,Board,20,Brilliant Amber,1,,,,,,
UOAlive,Bowcrafting,Weapons,41,Frozen Longbow,302,Board,20,Turquoise,1,,,,,,
UOAlive,Bowcrafting,Weapons,41,Longbow of Might,322,Board,10,Blue Diamond,1,,,,,,
UOAlive,Bowcrafting,Weapons,41,Ranger's Shortbow,342,Board,15,Perfect Emerald,1,,,,,,
UOAlive,Bowcrafting,Weapons,41,Lightweight Shortbow,362,Board,15,White Pearl,1,,,,,,
UOAlive,Bowcrafting,Weapons,41,Mystical Shortbow,382,Board,15,Ecru Citrine,1,,,,,,
UOAlive,Bowcrafting,Weapons,41,Assassin's Shortbow,402,Board,15,Dark Sapphire,1,,,,,,
UOAlive,Cooking,Ingredients,1,Sack of Flour,2,Wheat,2,,,,,,,,
UOAlive,Cooking,Ingredients,1,Dough,22,Flour,1,Water,1,,,,,,
UOAlive,Cooking,Ingredients,1,Sweet Dough,42,Dough,1,Honey,1,,,,,,
UOAlive,Cooking,Ingredients,1,Cake Mix,62,Flour,1,Sweet Dough,1,,,,,,
UOAlive,Cooking,Ingredients,1,Cookie Mix,82,Honey ,1,Sweet Dough,1,,,,,,
UOAlive,Cooking,Ingredients,1,Cocoa Butter,102,Cocoa Pulp,1,,,,,,,,
UOAlive,Cooking,Ingredients,1,Cocoa Liquor,122,Cocoa Pulp,1,Pewter Bowl,1,,,,,,
UOAlive,Cooking,Ingredients,1,Wheat Wort,142,Empty Bottle,1,Water,1,Flour,1,,,,
UOAlive,Cooking,Ingredients,1,Fish Oil Flask,162,Coffee Grounds,1,Raw Fish Steaks,8,,,,,,
UOAlive,Cooking,Ingredients,1,Fresh Seasoning,182,Salt,4,,,,,,,,
UOAlive,Cooking,Preparations,21,Unbaked Quiche,2,Dough,1,Eggs,1,,,,,,
UOAlive,Cooking,Preparations,21,Unbaked Meat Pie,22,Dough,1,Raw Meat,1,,,,,,
UOAlive,Cooking,Preparations,21,Uncooked Sausage Pizza,42,Dough,1,Sausage,1,,,,,,
UOAlive,Cooking,Preparations,21,Uncooked Cheese Pizza,62,Dough,1,Cheese,1,,,,,,
UOAlive,Cooking,Preparations,21,Unbaked Fruit Pie,82,Dough,1,Pears,1,,,,,,
UOAlive,Cooking,Preparations,21,Unbaked Peach Cobbler,102,Dough,1,Peaches,1,,,,,,
UOAlive,Cooking,Preparations,21,Unbaked Apple Pie,122,Dough,1,Apples,1,,,,,,
UOAlive,Cooking,Preparations,21,Unbaked Pumpkin Pie,142,Dough,1,Pumpkin,1,,,,,,
UOAlive,Cooking,Preparations,21,Green Tea,162,Green Tea,1,Water,1,,,,,,
UOAlive,Cooking,Preparations,21,Wasabi Clumps,182,Water,1,Bowl of Peas,3,,,,,,
UOAlive,Cooking,Preparations,21,Sushi Rolls,202,Water,1,Raw Fish Steaks,10,,,,,,
UOAlive,Cooking,Preparations,21,Sushi Platter,222,Water,1,Raw Fish Steaks,10,,,,,,
UOAlive,Cooking,Preparations,21,Savage Kin Paint,242,Flour,1,Tribal Berries,1,,,,,,
UOAlive,Cooking,Preparations,21,Egg Bomb,262,Eggs,1,Flour,3,,,,,,
UOAlive,Cooking,Preparations,21,Parrot Wafer,282,Dough,1,Honey,1,Raw Fish Steaks,10,,,,
UOAlive,Cooking,Preparations,21,Plant Pigment,302,Plant Clippings,1,Empty Bottle,1,,,,,,
UOAlive,Cooking,Preparations,21,Natural Dye,322,Plant Pigment,1,Color Fixative,1,,,,,,
UOAlive,Cooking,Preparations,21,Color Fixative,342,Bottle of Wine,1,Silver Serpent Venom,1,,,,,,
UOAlive,Cooking,Preparations,21,Wood Pulp,362,Bark Fragment,1,Water,1,,,,,,
UOAlive,Cooking,Preparations,21,Charcoal,382,Board,1,,,,,,,,
UOAlive,Cooking,Preparations,21,Charybdis Bait,402,Samuel's Secret Sauce,1,Raw Fish Steaks,50,Salted Serpent Steak,3,,,,
UOAlive,Cooking,Baking,41,Bread Loaf,2,Dough,1,,,,,,,,
UOAlive,Cooking,Baking,41,Pan of Cookies,22,Cookie Mix,1,,,,,,,,
UOAlive,Cooking,Baking,41,Cake,42,Cake Mix,1,,,,,,,,
UOAlive,Cooking,Baking,41,Muffins,62,Sweet Dough,1,,,,,,,,
UOAlive,Cooking,Baking,41,Baked Quiche,82,Uncooked Quiches,1,,,,,,,,
UOAlive,Cooking,Baking,41,Baked Meat Pie,102,Uncooked Meat Pies,1,,,,,,,,
UOAlive,Cooking,Baking,41,Sausage Pizza,122,Uncooked Sausage Pizza,1,,,,,,,,
UOAlive,Cooking,Baking,41,Cheese Pizza,142,Uncooked Cheese Pizza,1,,,,,,,,
UOAlive,Cooking,Baking,41,Baked Fruit Pie,162,Uncooked Fruit Pie,1,,,,,,,,
UOAlive,Cooking,Baking,41,Baked Peach Cobbler,182,Uncooked Peach Cobbler,1,,,,,,,,
UOAlive,Cooking,Baking,41,Baked Apple Pie,202,Uncooked Apple Pie,1,,,,,,,,
UOAlive,Cooking,Baking,41,Baked Pumpkin Pie,222,Uncooked Pumpkin Pie,1,,,,,,,,
UOAlive,Cooking,Baking,41,Miso Soup,242,Raw Fish Steaks,1,Water,1,,,,,,
UOAlive,Cooking,Baking,41,White Miso Soup,262,Raw Fish Steaks,1,Water,1,,,,,,
UOAlive,Cooking,Baking,41,Red Miso Soup,282,Raw Fish Steaks,1,Water,1,,,,,,
UOAlive,Cooking,Baking,41,Awase Miso Soup,302,Raw Fish Steaks,1,Water,1,,,,,,
UOAlive,Cooking,Baking,41,Gingerbread Cookie,322,Cookie Mix,1,Fresh Ginger,1,,,,,,
UOAlive,Cooking,Baking,41,Three Tiered Cake,342,Cake Mix,3,,,,,,,,
UOAlive,Cooking,Baking,41,Donut,362,Sack of Sugar,1,Dough,1,Sweet Dough,1,,,,
UOAlive,Cooking,Baking,41,Cake Drake,382,Cake Mix,5,Sack of Sugar,1,,,,,,
UOAlive,Cooking,Barbecue,61,Cooked Bird,2,Raw Birds,1,,,,,,,,
UOAlive,Cooking,Barbecue,61,Chicken Leg,22,Raw Chicken Legs,1,,,,,,,,
UOAlive,Cooking,Barbecue,61,Fish Steaks,42,Raw Fish Steaks,1,,,,,,,,
UOAlive,Cooking,Barbecue,61,Fried Eggs,62,Eggs,1,,,,,,,,
UOAlive,Cooking,Barbecue,61,Leg of Lamb,82,Raw Legs of Lamb,1,,,,,,,,
UOAlive,Cooking,Barbecue,61,Cut of Ribs,102,Raw Ribs,1,,,,,,,,
UOAlive,Cooking,Barbecue,61,Bowl of Rotworm Stew,122,Raw Rotworm Meat,1,,,,,,,,
UOAlive,Cooking,Barbecue,61,Blackrock Stew,142,Bowl of Rotworm Stew,1,A Piece of Blackrock,1,,,,,,
UOAlive,Cooking,Barbecue,61,Khaldun Tasty Treat,162,Raw Fish Steaks,40,,,,,,,,
UOAlive,Cooking,Barbecue,61,Hamburger,182,Bread Loaf,1,Raw Ribs,1,Head of Lettuce,1,,,,
UOAlive,Cooking,Barbecue,61,Hot Dog,202,Bread Loaf,1,Sausage,1,,,,,,
UOAlive,Cooking,Barbecue,61,Suasage,222,Ham,1,Dried Herbs,1,,,,,,
UOAlive,Cooking,Barbecue,61,Grilled Serpent Steak,242,Raw Serpent Steak,1,Fresh Seasoning,1,,,,,,
UOAlive,Cooking,Barbecue,61,BBQ Dino Ribs,262,Raw Dino Ribs,1,Fresh Seasoning,1,Sack of Sugar,1,Samuel's Secret Sauce,1,,
UOAlive,Cooking,Barbecue,61,Waku Chicken,282,Raw Birds,1,Dried Herbs,1,Samuel's Secret Sauce,1,,,,
UOAlive,Cooking,Enchanted,81,Food Decoration Tool,2,Dough ,1,Honey ,1,,,,,,
UOAlive,Cooking,Enchanted,81,Beverage Engraver,22,Lockpick,1,Hammer,1,,,,,,
UOAlive,Cooking,Enchanted,81,Enchanted Apple,42,Apples,1,Greater Heal Potion,1,,,,,,
UOAlive,Cooking,Enchanted,81,Grapes of Wrath,62,Grapes,1,Greater Strength Potion,1,,,,,,
UOAlive,Cooking,Enchanted,81,Fruit Bowl ,82,Wooden Bowl,1,Pears,3,Apples,3,Bananas,3,,
UOAlive,Cooking,Enchanted,81,Bag of Skilttles,102,Sack of Sugar,1,Pears,3,Apples,3,Bananas,3,,
UOAlive,Cooking,Chocolatiering,101,Sweet Cocoa Butter,2,Sack of Sugar,1,Cocoa Butter,1,,,,,,
UOAlive,Cooking,Chocolatiering,101,Dark Chocolate,22,Sack of Sugar,1,Cocoa Butter,1,Cocoa Liquor,1,,,,
UOAlive,Cooking,Chocolatiering,101,Milk Chocolate,42,Sack of Sugar,1,Cocoa Butter,1,Cocoa Liquor,1,Milk,1,,
UOAlive,Cooking,Chocolatiering,101,White Chocolate,62,Sack of Sugar,1,Cocoa Butter,1,Vanilla,1,Milk,1,,
UOAlive,Cooking,Chocolatiering,101,Dark Chocolate Nutcracker,82,Sweet Cocoa Butter,1,Foil Sheet,1,Cocoa Liquor,1,,,,
UOAlive,Cooking,Chocolatiering,101,Milk Chocolate Nutcracker,102,Sweet Cocoa Butter,1,Foil Sheet,1,Cocoa Liquor,1,,,,
UOAlive,Cooking,Chocolatiering,101,White Chocolate Nutcracker,122,Sweet Cocoa Butter,1,Foil Sheet,1,Cocoa Liquor,1,,,,
UOAlive,Cooking,Magical Fish Pies,121,Great Barracuda Pie,2,Great Barricuda Steak,1,Mento Seasoning,1,Zoogi Fungus,1,,,,
UOAlive,Cooking,Magical Fish Pies,121,Giant Koi Pie,22,Mento Seasoning,1,Bowl of Peas,1,Dough,1,,,,
UOAlive,Cooking,Magical Fish Pies,121,Fire Fish Pie,42,Fire Fish Steak,1,Dough,1,Carrot,1,Samuel's Secret Sauce,1,,
UOAlive,Cooking,Magical Fish Pies,121,Stone Crab Pie,62,Stone Crab Meat,1,Dough,1,Head of Cabbage,1,Samuel's Secret Sauce,1,,
UOAlive,Cooking,Magical Fish Pies,121,Blue Lobster Pie,82,Blue Lobster Meat,1,Dough,1,Tribal Berry,1,Samuel's Secret Sauce,1,,
UOAlive,Cooking,Magical Fish Pies,121,Reaper Fish Pie,102,Reaper Fish Steak,1,Dough,1,Pumpkin,1,Samuel's Secret Sauce,1,,
UOAlive,Cooking,Magical Fish Pies,121,Crystal Fish Pie,122,Crystal Fish Steak,1,Dough,1,Apples,1,Samuel's Secret Sauce,1,,
UOAlive,Cooking,Magical Fish Pies,121,Bull Fish Pie,142,Bull Fish Steak,1,Dough,1,Squash,1,Mento Seasoning,1,,
UOAlive,Cooking,Magical Fish Pies,121,Summer Dragonfish Pie,162,Summer Dragonfish Steak,1,Dough,1,Onion,1,Mento Seasoning,1,,
UOAlive,Cooking,Magical Fish Pies,121,Fairy Salmon Pie,182,Fairy Salmon Steak,1,Dough,1,Ear of Corn,1,Dark Truffle,1,,
UOAlive,Cooking,Magical Fish Pies,121,Lava Fish Pie,202,Lava Fish Steak,1,Dough,1,Cheese,1,Dark Truffle,1,,
UOAlive,Cooking,Magical Fish Pies,121,Autumn Dragonfish Pie,222,Autumn Dragonfish Steak,1,Dough,1,Pear,1,Mento Seasoning,1,,
UOAlive,Cooking,Magical Fish Pies,121,Spider Crab Pie,242,Spider Crab Meat,1,Dough,1,Head of Lettuce,1,Mento Seasoning,1,,
UOAlive,Cooking,Magical Fish Pies,121,Yellowtail Barracuda,262,Yellowtail Barracuda Steak,1,Dough,1,Bottle of Wine,1,Mento Seasoning,1,,
UOAlive,Cooking,Magical Fish Pies,121,Holy Mackerel Pie,282,Holy Mackerel Steak,1,Dough,1,Jar of Honey,1,Mento Seasoning,1,,
UOAlive,Cooking,Magical Fish Pies,121,Unicorn Fish Pie,302,Unicorn Fish Steak,1,Dough,1,Fresh Ginger,1,Mento Seasoning,1,,
UOAlive,Cooking,Beverages,141,Coffee,2,Coffee Grounds,1,Water,1,,,,,,
UOAlive,Cooking,Beverages,141,Green Tea,22,Basket of Green Tea,1,Water,1,,,,,,
UOAlive,Cooking,Beverages,141,Hot Cocoa,42,Cocoa Liquor,1,Sack of Sugar,1,Pitcher of Milk,1,,,,
UOAlive,Cooking,Beverages,141,Bottled Water,62,Pitcher of Water,1,,,,,,,,
UOAlive,Cooking,Beverages,141,Pitcher of Lemonade,82,Lemon,1,Sack of Sugar,1,Water,1,,,,
UOAlive,Cooking,Beverages,141,Sparkling Apple Cider,102,Apples,1,Water,1,,,,,,
UOAlive,Cooking,Beverages,141,Non Alcoholic Eggnog,122,Eggs,1,Vanilla,1,Pitcher of Milk,1,,,,
UOAlive,Cooking,Beverages,141,Fruit Juice,142,Apples,1,Pears,1,Banana,1,Water,1,,
UOAlive,Cooking,Beverages,141,Chocolate Milk,162,Cocoa Pulp,1,Pitcher of Milk,1,,,,,,
UOAlive,Cooking,Beverages,141,Lemon-Lime Pop,182,Lemon,1,Lime,1,Fresh Ginseng,1,Sack of Sugar,1,,
UOAlive,Cooking,Beverages,141,Seafoam Refresher,202,Lime,1,Fresh Fertile Dirt,1,Sand,1,Water,1,,
UOAlive,Carpentry,Other,1,Barrel Staves,2,Board,5,,,,,,,,
UOAlive,Carpentry,Other,1,Barrel Lid,22,Board,4,,,,,,,,
UOAlive,Carpentry,Other,1,Short Music Stand (Left),42,Board,15,,,,,,,,
UOAlive,Carpentry,Other,1,Short Music Stand (Right),62,Board,15,,,,,,,,
UOAlive,Carpentry,Other,1,Tall Music Stand (Left),82,Board,20,,,,,,,,
UOAlive,Carpentry,Other,1,Tall Music Stand (Right),102,Board,20,,,,,,,,
UOAlive,Carpentry,Other,1,Easel (South),122,Board,20,,,,,,,,
UOAlive,Carpentry,Other,1,Easel (East),142,Board,20,,,,,,,,
UOAlive,Carpentry,Other,1,Easel (North),162,Board,20,,,,,,,,
UOAlive,Carpentry,Other,1,Red Hanging Lantern,182,Board,5,Blank Scrolls,10,,,,,,
UOAlive,Carpentry,Other,1,White Hanging Lantern,202,Board,5,Blank Scrolls,10,,,,,,
UOAlive,Carpentry,Other,1,Shoji Screen,222,Board,75,Cloth,60,,,,,,
UOAlive,Carpentry,Other,1,Bamboo Screen,242,Board,75,Cloth,60,,,,,,
UOAlive,Carpentry,Other,1,Fishing Pole,262,Board,5,Cloth,5,,,,,,
UOAlive,Carpentry,Other,1,Wooden Container Engraving Tool,282,Board,4,Ingot,2,,,,,,
UOAlive,Carpentry,Other,1,Runed Switch,302,Board,2,Enchanted Switch,1,Rune Prism,1,Jeweled Filigree,1,,
UOAlive,Carpentry,Other,1,Arcanist Statue (South),322,Board,250,,,,,,,,
UOAlive,Carpentry,Other,1,Arcanist Statue (East),342,Board,250,,,,,,,,
UOAlive,Carpentry,Other,1,Warrior Statue (South),362,Board,250,,,,,,,,
UOAlive,Carpentry,Other,1,Warrior Statue (East),382,Board,250,,,,,,,,
UOAlive,Carpentry,Other,1,Squirrel Statue (South),402,Board,250,,,,,,,,
UOAlive,Carpentry,Other,1,Squirrel Statue (East),422,Board,250,,,,,,,,
UOAlive,Carpentry,Other,1,Giant Replica Acorn,442,Board,35,,,,,,,,
UOAlive,Carpentry,Other,1,Mounted Dread Horn,462,Board,50,Pristine Dread Horn,1,,,,,,
UOAlive,Carpentry,Other,1,Acid Proof Rope,482,Greater Strength Potion,2,Protection,1,Switch,1,,,,
UOAlive,Carpentry,Other,1,Gargish Banner,502,Board,50,Cloth,50,,,,,,
UOAlive,Carpentry,Other,1,An Incubator,522,Board,100,,,,,,,,
UOAlive,Carpentry,Other,1,A Chicken Coop,542,Board,150,,,,,,,,
UOAlive,Carpentry,Other,1,Exodus Summoning Alter,562,Board,100,High Quality Granite,10,A Small Piece of Blackrock,1,Nexus Core,1,,
UOAlive,Carpentry,Other,1,Dark Wooden Sign Hanger,582,Board,5,,,,,,,,
UOAlive,Carpentry,Other,1,Light Wooden Sign Hanger,602,Board,5,,,,,,,,
UOAlive,Carpentry,Furniture,21,Foot Stool,2,Board,9,,,,,,,,
UOAlive,Carpentry,Furniture,21,Stool,22,Board,9,,,,,,,,
UOAlive,Carpentry,Furniture,21,Straw Chair,42,Board,13,,,,,,,,
UOAlive,Carpentry,Furniture,21,Wooden Chair,62,Board,13,,,,,,,,
UOAlive,Carpentry,Furniture,21,Vesper-Style Chair,82,Board,15,,,,,,,,
UOAlive,Carpentry,Furniture,21,Trinsic-Style Chair,102,Board,13,,,,,,,,
UOAlive,Carpentry,Furniture,21,Wooden Bench,122,Board,17,,,,,,,,
UOAlive,Carpentry,Furniture,21,Wooden Throne,142,Board,17,,,,,,,,
UOAlive,Carpentry,Furniture,21,Magincia-Style Throne,162,Board,19,,,,,,,,
UOAlive,Carpentry,Furniture,21,Small Table,182,Board,17,,,,,,,,
UOAlive,Carpentry,Furniture,21,Writing Table,202,Board,17,,,,,,,,
UOAlive,Carpentry,Furniture,21,Yew-Wood Table,222,Board,27,,,,,,,,
UOAlive,Carpentry,Furniture,21,Large Table,242,Board,23,,,,,,,,
UOAlive,Carpentry,Furniture,21,Elegant Low Table,262,Board,35,,,,,,,,
UOAlive,Carpentry,Furniture,21,Plain Low Table,282,Board,35,,,,,,,,
UOAlive,Carpentry,Furniture,21,Ornate Table (South),302,Board,60,,,,,,,,
UOAlive,Carpentry,Furniture,21,Ornate Table ((East),322,Board,60,,,,,,,,
UOAlive,Carpentry,Furniture,21,Hardwood Table (South),342,Board,50,,,,,,,,
UOAlive,Carpentry,Furniture,21,Hardwood Table (East),362,Board,50,,,,,,,,
UOAlive,Carpentry,Furniture,21,Elven Podium,382,Board,20,,,,,,,,
UOAlive,Carpentry,Furniture,21,Ornate Elven Chair,402,Board,30,,,,,,,,
UOAlive,Carpentry,Furniture,21,Cozy Elven Chair,422,Board,40,,,,,,,,
UOAlive,Carpentry,Furniture,21,Reading Chair,442,Board,30,,,,,,,,
UOAlive,Carpentry,Furniture,21,Ter-Mur Style Chair,462,Board,40,,,,,,,,
UOAlive,Carpentry,Furniture,21,Ter-Mur Style Table,482,Board,40,,,,,,,,
UOAlive,Carpentry,Furniture,21,Upholstered Chair,502,Board,40,Cloth,12,,,,,,
UOAlive,Carpentry,Containers,41,Wooden Box,2,Board,10,,,,,,,,
UOAlive,Carpentry,Containers,41,Small Crate,22,Board,8,,,,,,,,
UOAlive,Carpentry,Containers,41,Medium Crate,42,Board,15,,,,,,,,
UOAlive,Carpentry,Containers,41,Large Crate,62,Board,18,,,,,,,,
UOAlive,Carpentry,Containers,41,Wooden Chest,82,Board,20,,,,,,,,
UOAlive,Carpentry,Containers,41,Wooden Shelf,102,Board,25,,,,,,,,
UOAlive,Carpentry,Containers,41,Armoire (Red),122,Board,35,,,,,,,,
UOAlive,Carpentry,Containers,41,Armoire,142,Board,35,,,,,,,,
UOAlive,Carpentry,Containers,41,Plain Wooden Chest,162,Board,30,,,,,,,,
UOAlive,Carpentry,Containers,41,Orante Wooden Chest,182,Board,30,,,,,,,,
UOAlive,Carpentry,Containers,41,Gilded Wooden Chest,202,Board,30,,,,,,,,
UOAlive,Carpentry,Containers,41,Wooden Footlocker,222,Board,30,,,,,,,,
UOAlive,Carpentry,Containers,41,Finished Wooden Chest,242,Board,30,,,,,,,,
UOAlive,Carpentry,Containers,41,Tall Cabinet,262,Board,35,,,,,,,,
UOAlive,Carpentry,Containers,41,Short Cabinet,282,Board,35,,,,,,,,
UOAlive,Carpentry,Containers,41,Red Armoire,302,Board,40,,,,,,,,
UOAlive,Carpentry,Containers,41,Elegant Armoire,322,Board,40,,,,,,,,
UOAlive,Carpentry,Containers,41,Maple Armoire,342,Board,40,,,,,,,,
UOAlive,Carpentry,Containers,41,Cherry Armoire,362,Board,40,,,,,,,,
UOAlive,Carpentry,Containers,41,Keg,382,Barrel Staves,3,Barrel Hoops,1,Barrel Lids,1,,,,
UOAlive,Carpentry,Containers,41,Arcane Bookshelf (South),402,Board,80,,,,,,,,
UOAlive,Carpentry,Containers,41,Arcane Bookshelf (East),422,Board,80,,,,,,,,
UOAlive,Carpentry,Containers,41,Ornate Elven Chest (South),442,Board,40,,,,,,,,
UOAlive,Carpentry,Containers,41,Orante Elven Chest (East),462,Board,40,,,,,,,,
UOAlive,Carpentry,Containers,41,Elven Wash Basin (South),482,Board,40,,,,,,,,
UOAlive,Carpentry,Containers,41,Elven Wash Basin (East),502,Board,40,,,,,,,,
UOAlive,Carpentry,Containers,41,Elven Dresser (South),522,Board,45,,,,,,,,
UOAlive,Carpentry,Containers,41,Elven Dresser (East),542,Board,45,,,,,,,,
UOAlive,Carpentry,Containers,41,Elven Armoire (Fancy),562,Board,30,,,,,,,,
UOAlive,Carpentry,Containers,41,Elven Armoire (Simple),582,Board,30,,,,,,,,
UOAlive,Carpentry,Containers,41,Rarewood Chest,602,Board,30,,,,,,,,
UOAlive,Carpentry,Containers,41,Decorative Box,622,Board,25,,,,,,,,
UOAlive,Carpentry,Containers,41,Academic Bookcase,642,Board,25,Academic Books,1,,,,,,
UOAlive,Carpentry,Containers,41,Gargish Chest,662,Board,30,,,,,,,,
UOAlive,Carpentry,Containers,41,Empty Liquor Barrel,682,Board,50,,,,,,,,
UOAlive,Carpentry,Weapons,61,Shepherd's Crook,2,Board,7,,,,,,,,
UOAlive,Carpentry,Weapons,61,Quarter Staff,22,Board,6,,,,,,,,
UOAlive,Carpentry,Weapons,61,Gnarled Staff,42,Board,7,,,,,,,,
UOAlive,Carpentry,Weapons,61,Bokuto,62,Board,6,,,,,,,,
UOAlive,Carpentry,Weapons,61,Fukiya,82,Board,6,,,,,,,,
UOAlive,Carpentry,Weapons,61,Tetsubo,102,Board,10,,,,,,,,
UOAlive,Carpentry,Weapons,61,Wild Staff,122,Board,16,,,,,,,,
UOAlive,Carpentry,Weapons,61,Phantom Staff,142,Board,16,Diseased Bark,1,Putrefaction,10,Taint,10,,
UOAlive,Carpentry,Weapons,61,Arcanist's Wild Staff,162,Board,16,White Pearl,1,,,,,,
UOAlive,Carpentry,Weapons,61,Ancient Wild Staff,182,Board,16,Perfect Emerald,1,,,,,,
UOAlive,Carpentry,Weapons,61,Thorned Wild Staff,202,Board,16,Fire Ruby,1,,,,,,
UOAlive,Carpentry,Weapons,61,Hardened Wild Staff,222,Board,16,Turquoise,1,,,,,,
UOAlive,Carpentry,Weapons,61,Serpentstone Staff,242,Board,16,Ecru Citrine,1,,,,,,
UOAlive,Carpentry,Weapons,61,Gargish Gnarled Staff,262,Board,16,Ecru Citrine,1,,,,,,
UOAlive,Carpentry,Weapons,61,Club,282,Board,9,,,,,,,,
UOAlive,Carpentry,Weapons,61,Black Staff,302,Board,9,,,,,,,,
UOAlive,Carpentry,Weapons,61,Kotl Black Rod,322,Board,20,Black Moonstone,1,Staff of the Magi,1,,,,
UOAlive,Carpentry,Armor,81,Wooden Shield,2,Board,9,,,,,,,,
UOAlive,Carpentry,Armor,81,Woodland Chest,22,Board,20,Bark Fragment,6,,,,,,
UOAlive,Carpentry,Armor,81,Woodland Arms,42,Board,15,Bark Fragment,4,,,,,,
UOAlive,Carpentry,Armor,81,Woodland Gauntlets,62,Board,15,Bark Fragment,4,,,,,,
UOAlive,Carpentry,Armor,81,Woodland Leggings,82,Board,15,Bark Fragment,4,,,,,,
UOAlive,Carpentry,Armor,81,Woodland Gorget,102,Board,15,Bark Fragment,4,,,,,,
UOAlive,Carpentry,Armor,81,Raven Helm,122,Board,10,Bark Fragment,4,Feathers ,25,,,,
UOAlive,Carpentry,Armor,81,Vulture Helm,142,Board,10,Bark Fragment,4,Feathers ,25,,,,
UOAlive,Carpentry,Armor,81,Winged Helm,162,Board,10,Bark Fragment,4,Feathers ,60,,,,
UOAlive,Carpentry,Armor,81,Ironwood Crown,182,Board,10,Diseased Bark,1,Corruption,10,Putrefaction,10,,
UOAlive,Carpentry,Armor,81,Bramble Coat,202,Board,10,Diseased Bark,1,Taint,10,Scourge,10,,
UOAlive,Carpentry,Armor,81,Darkwood Crown,222,Board,10,Lard of Paroxysmus,1,Blight,10,Taint,10,,
UOAlive,Carpentry,Armor,81,Darkwood Chest,242,Board,20,Dread Horn Mane,1,Corruption,10,Muculent,10,,
UOAlive,Carpentry,Armor,81,Darkwood Gorget,262,Board,15,Diseased Bark,1,Blight,10,Scourge,10,,
UOAlive,Carpentry,Armor,81,Darkwood Leggings,282,Board,15,Grizzled Bones,1,Corruption,10,Putrefaction,10,,
UOAlive,Carpentry,Armor,81,Darkwood Pauldrons,302,Board,15,Eye of the Travesty,1,Scourge,10,Taint,10,,
UOAlive,Carpentry,Armor,81,Darkwood Gauntlets,322,Board,15,Captured Essence,1,Putrefaction,10,Muculent,10,,
UOAlive,Carpentry,Armor,81,Gargish Wooden Shield,342,Board,9,,,,,,,,
UOAlive,Carpentry,Armor,81,Pirate Shield,362,Board,12,Ingot,8,,,,,,
UOAlive,Carpentry,Instruments,101,Lap Harp,2,Board,20,Cloth,10,,,,,,
UOAlive,Carpentry,Instruments,101,Standing Harp,22,Board,35,Cloth,15,,,,,,
UOAlive,Carpentry,Instruments,101,Drum,42,Board,20,Cloth,10,,,,,,
UOAlive,Carpentry,Instruments,101,Lute,62,Board,25,Cloth,10,,,,,,
UOAlive,Carpentry,Instruments,101,Tambourine,82,Board,15,Cloth,10,,,,,,
UOAlive,Carpentry,Instruments,101,Tambourine (Tassel),102,Board,15,Cloth,10,,,,,,
UOAlive,Carpentry,Instruments,101,Bamboo Flute,122,Board,15,,,,,,,,
UOAlive,Carpentry,Instruments,101,Aud-Char,142,Board,35,Stones,3,,,,,,
UOAlive,Carpentry,Instruments,101,Snake Charmer Flute,162,Board,15,Luminescent Fungi,3,,,,,,
UOAlive,Carpentry,Instruments,101,Cello,182,Board,15,Cloth,5,,,,,,
UOAlive,Carpentry,Instruments,101,Wall Mounted Bell (South),202,Board,50,Ingot,50,,,,,,
UOAlive,Carpentry,Instruments,101,Wall Mounted Bell (East),222,Board,50,Ingot,50,,,,,,
UOAlive,Carpentry,Instruments,101,Trumpet,242,Board,10,Ingot,15,,,,,,
UOAlive,Carpentry,Instruments,101,Cowbell,262,Board,10,Ingot,15,,,,,,
UOAlive,Carpentry,Misc. Add-Ons,121,Bulletin Board A,2,Board,50,,,,,,,,
UOAlive,Carpentry,Misc. Add-Ons,121,Bulletin Board B,22,Board,50,,,,,,,,
UOAlive,Carpentry,Misc. Add-Ons,121,Parrot Perch,42,Board,100,,,,,,,,
UOAlive,Carpentry,Misc. Add-Ons,121,Arcane Circle,62,Board,100,Blue Diamond,2,Perfect Emerald ,2,Fire Ruby,2,,
UOAlive,Carpentry,Misc. Add-Ons,121,Tall Elven Bed (South),82,Board,200,Cloth,100,,,,,,
UOAlive,Carpentry,Misc. Add-Ons,121,Tall Elven Bed (East),102,Board,200,Cloth,100,,,,,,
UOAlive,Carpentry,Misc. Add-Ons,121,Elven Bed (South),122,Board,100,Cloth,100,,,,,,
UOAlive,Carpentry,Misc. Add-Ons,121,Elven Bed (East),142,Board,100,Cloth,100,,,,,,
UOAlive,Carpentry,Misc. Add-Ons,121,Elven Loveseat (East),162,Board,50,,,,,,,,
UOAlive,Carpentry,Misc. Add-Ons,121,Elven Loveseat (South),182,Board,50,,,,,,,,
UOAlive,Carpentry,Misc. Add-Ons,121,Alchemist Table (South),202,Board,70,,,,,,,,
UOAlive,Carpentry,Misc. Add-Ons,121,Alchemist Table (East),222,Board,70,,,,,,,,
UOAlive,Carpentry,Misc. Add-Ons,121,Small Bed (South),242,Board,100,Cloth,100,,,,,,
UOAlive,Carpentry,Misc. Add-Ons,121,Small Bed (East),262,Board,100,Cloth,100,,,,,,
UOAlive,Carpentry,Misc. Add-Ons,121,Large Bed (South),282,Board,150,Cloth,150,,,,,,
UOAlive,Carpentry,Misc. Add-Ons,121,Large Bed (East),302,Board,150,Cloth,150,,,,,,
UOAlive,Carpentry,Misc. Add-Ons,121,Dartboard (South),322,Board,5,,,,,,,,
UOAlive,Carpentry,Misc. Add-Ons,121,Dartboard (East),342,Board,5,,,,,,,,
UOAlive,Carpentry,Misc. Add-Ons,121,Ballot Box,362,Board,5,,,,,,,,
UOAlive,Carpentry,Misc. Add-Ons,121,Pentagram,382,Board,100,Ingot,40,,,,,,
UOAlive,Carpentry,Misc. Add-Ons,121,Abbatoir,402,Board,100,Ingot,40,,,,,,
UOAlive,Carpentry,Misc. Add-Ons,121,Gargish Couch (East),422,Board,75,,,,,,,,
UOAlive,Carpentry,Misc. Add-Ons,121,Gargish Couch (South),442,Board,75,,,,,,,,
UOAlive,Carpentry,Misc. Add-Ons,121,Gargish Short Table,462,Board,60,,,,,,,,
UOAlive,Carpentry,Misc. Add-Ons,121,Long Table (South),482,Board,80,,,,,,,,
UOAlive,Carpentry,Misc. Add-Ons,121,Long Table (East),502,Board,80,,,,,,,,
UOAlive,Carpentry,Misc. Add-Ons,121,Ter-Mur Style Dresser (East),522,Board,60,,,,,,,,
UOAlive,Carpentry,Misc. Add-Ons,121,Ter-Mur Style Dresser (South),542,Board,60,,,,,,,,
UOAlive,Carpentry,Misc. Add-Ons,121,Rustic Bench (South),562,Board,35,,,,,,,,
UOAlive,Carpentry,Misc. Add-Ons,121,Rustic Bench (East),582,Board,35,,,,,,,,
UOAlive,Carpentry,Misc. Add-Ons,121,Plain Wooden Shelf (South),602,Board,15,,,,,,,,
UOAlive,Carpentry,Misc. Add-Ons,121,Plain Wooden Shelf (East),622,Board,15,,,,,,,,
UOAlive,Carpentry,Misc. Add-Ons,121,Fancy Wooden Shelf (South),642,Board,15,,,,,,,,
UOAlive,Carpentry,Misc. Add-Ons,121,Fancy Wooden Shelf (East),662,Board,15,,,,,,,,
UOAlive,Carpentry,Misc. Add-Ons,121,Fancy Loveseat (South),682,Board,80,Cloth,24,,,,,,
UOAlive,Carpentry,Misc. Add-Ons,121,Fancy Loveseat (East),702,Board,80,Cloth,24,,,,,,
UOAlive,Carpentry,Misc. Add-Ons,121,Plush Loveseat (South),722,Board,80,Cloth,24,,,,,,
UOAlive,Carpentry,Misc. Add-Ons,121,Plush Loveseat (East),742,Board,80,Cloth,24,,,,,,
UOAlive,Carpentry,Misc. Add-Ons,121,Plant Tapestry (South),762,Board,12,Cloth,50,,,,,,
UOAlive,Carpentry,Misc. Add-Ons,121,Plant Tapestry (East),782,Board,12,Cloth,50,,,,,,
UOAlive,Carpentry,Misc. Add-Ons,121,Metal Table (South),802,Board,20,Ingot,15,,,,,,
UOAlive,Carpentry,Misc. Add-Ons,121,Metal Table (East),822,Board,20,Ingot,15,,,,,,
UOAlive,Carpentry,Misc. Add-Ons,121,Long Metal Table (South),842,Board,40,Ingot,30,,,,,,
UOAlive,Carpentry,Misc. Add-Ons,121,Long Metal Table (East),862,Board,40,Ingot,30,,,,,,
UOAlive,Carpentry,Misc. Add-Ons,121,Wooden Table (South),882,Board,20,,,,,,,,
UOAlive,Carpentry,Misc. Add-Ons,121,Wooden Table (East),902,Board,20,,,,,,,,
UOAlive,Carpentry,Misc. Add-Ons,121,Long Wooden Table (South),922,Board,80,,,,,,,,
UOAlive,Carpentry,Misc. Add-Ons,121,Long Wooden Table (East),942,Board,80,,,,,,,,
UOAlive,Carpentry,Misc. Add-Ons,121,Small Display Case (South),962,Board,40,Ingot,10,,,,,,
UOAlive,Carpentry,Misc. Add-Ons,121,Small Display Case (East),982,Board,40,Ingot,10,,,,,,
UOAlive,Carpentry,Misc. Add-Ons,121,Fancy Loveseat (North),1002,Board,80,Cloth,48,,,,,,
UOAlive,Carpentry,Misc. Add-Ons,121,Fancy Loveseat (West),1022,Board,80,Cloth,48,,,,,,
UOAlive,Carpentry,Misc. Add-Ons,121,Fancy Couch (North),1042,Board,80,Cloth,48,,,,,,
UOAlive,Carpentry,Misc. Add-Ons,121,Fancy Couch (West),1062,Board,80,Cloth,48,,,,,,
UOAlive,Carpentry,Misc. Add-Ons,121,Fancy Couch (South),1082,Board,80,Cloth,48,,,,,,
UOAlive,Carpentry,Misc. Add-Ons,121,Fancy Couch (East),1102,Board,80,Cloth,48,,,,,,
UOAlive,Carpentry,Misc. Add-Ons,121,Small Elegant Aquarium ,1122,Board,20,Workable Glass,2,Sand,5,Live Rock,1,,
UOAlive,Carpentry,Misc. Add-Ons,121,Wall Mounted Aquarium,1142,Board,50,Workable Glass,4,Sand,10,Live Rock,3,,
UOAlive,Carpentry,Misc. Add-Ons,121,Large Elegant Aquarium ,1162,Board,100,Workable Glass,8,Sand,20,Live Rock,5,,
UOAlive,Carpentry,Tailoring and Cooking,141,Dressform (Front),2,Board,25,Cloth,10,,,,,,
UOAlive,Carpentry,Tailoring and Cooking,141,Dressform (side),22,Board,25,Cloth,10,,,,,,
UOAlive,Carpentry,Tailoring and Cooking,141,Elven Spinning Wheel (East),42,Board,60,Cloth,40,,,,,,
UOAlive,Carpentry,Tailoring and Cooking,141,Elven Spinning Wheel (South),62,Board,60,Cloth,40,,,,,,
UOAlive,Carpentry,Tailoring and Cooking,141,Elven Oven (South),82,Board,80,,,,,,,,
UOAlive,Carpentry,Tailoring and Cooking,141,Elven Oven (East),102,Board,80,,,,,,,,
UOAlive,Carpentry,Tailoring and Cooking,141,Spinning Wheel (East),122,Board,75,Cloth,25,,,,,,
UOAlive,Carpentry,Tailoring and Cooking,141,Spinning Wheel (South),142,Board,75,Cloth,25,,,,,,
UOAlive,Carpentry,Tailoring and Cooking,141,Loom (East),162,Board,85,Cloth,25,,,,,,
UOAlive,Carpentry,Tailoring and Cooking,141,Loom (South),182,Board,85,Cloth,25,,,,,,
UOAlive,Carpentry,Tailoring and Cooking,141,Stone Oven (East),202,Board,85,Ingot,125,,,,,,
UOAlive,Carpentry,Tailoring and Cooking,141,Stone Oven (South),222,Board,85,Ingot,125,,,,,,
UOAlive,Carpentry,Tailoring and Cooking,141,Flour Mill (East),242,Board,100,Ingot,50,,,,,,
UOAlive,Carpentry,Tailoring and Cooking,141,Flour Mill (South),262,Board,100,Ingot,50,,,,,,
UOAlive,Carpentry,Tailoring and Cooking,141,Water Trough (East),282,Board,150,,,,,,,,
UOAlive,Carpentry,Tailoring and Cooking,141,Water Trough (South),302,Board,150,,,,,,,,
UOAlive,Carpentry,Anvils and Forges,161,Elven Forge,2,Board,200,,,,,,,,
UOAlive,Carpentry,Anvils and Forges,161,Soulforge,22,Board,150,Ingot,150,Relic Fragment,1,,,,
UOAlive,Carpentry,Anvils and Forges,161,Small Forge,42,Board,5,Ingot,75,,,,,,
UOAlive,Carpentry,Anvils and Forges,161,Large Forge (East),62,Board,5,Ingot,100,,,,,,
UOAlive,Carpentry,Anvils and Forges,161,Large Forge (South),82,Board,5,Ingot,100,,,,,,
UOAlive,Carpentry,Anvils and Forges,161,Anvil (East),102,Board,5,Ingot,150,,,,,,
UOAlive,Carpentry,Anvils and Forges,161,Anvil (South),122,Board,5,Ingot,150,,,,,,
UOAlive,Carpentry,Training,181,Training Dummy (East),2,Board,55,Cloth ,60,,,,,,
UOAlive,Carpentry,Training,181,Training Dummy (South),22,Board,55,Cloth ,60,,,,,,
UOAlive,Carpentry,Training,181,Pickpocket Dip (East),42,Board,65,,60,,,,,,
UOAlive,Carpentry,Training,181,Pickpocket Dip (South),62,Board,65,,60,,,,,,
UOAlive,Alchemy,Healing and Curative,1,Barrab Hemolymph Concentrate,182,Empty Bottle,1,Ginseng,20,Plant Clippings,5,Myrmidex Eggsac,5,,
UOAlive,Alchemy,Healing and Curative,1,Cure,122,Garlic,3,Empty Bottle,1,,,,,,
UOAlive,Alchemy,Healing and Curative,1,Elixir of Rebirth,162,Medusa Blood,1,Spiders' Silk,1,Empty Bottle,1,,,,
UOAlive,Alchemy,Healing and Curative,1,Greater Cure,142,Garlic,6,Empty Bottle,1,,,,,,
UOAlive,Alchemy,Healing and Curative,1,Greater Heal,82,Ginseng,7,Empty Bottle,1,,,,,,
UOAlive,Alchemy,Healing and Curative,1,Greater Refreshment,22,Black Pearl,5,Empty Bottle,1,,,,,,
UOAlive,Alchemy,Healing and Curative,1,Heal,62,Ginseng,3,Empty Bottle,1,,,,,,
UOAlive,Alchemy,Healing and Curative,1,Lesser Cure,102,Garlic,1,Empty Bottle,1,,,,,,
UOAlive,Alchemy,Healing and Curative,1,Lesser Heal,42,Ginseng,1,Empty Bottle,1,,,,,,
UOAlive,Alchemy,Healing and Curative,1,Refresh,2,Black Pearl,1,Empty Bottle,1,,,,,,
UOAlive,Alchemy,Enhancement,21,Agility,2,Blood Moss,1,Empty Bottle,1,,,,,,
UOAlive,Alchemy,Enhancement,21,Barako Draft of Might,162,Empty Bottle,1,Spiders' Silk,20,Bottle of Liquor,10,Perfect Bananas,5,,
UOAlive,Alchemy,Enhancement,21,Greater Agility,22,Blood Moss,3,Empty Bottle,1,,,,,,
UOAlive,Alchemy,Enhancement,21,Greater Strength,82,Mandrake Root,5,Empty Bottle,1,,,,,,
UOAlive,Alchemy,Enhancement,21,Invisibility,102,Spiders' Silk,1,Empty Bottle,1,,,,,,
UOAlive,Alchemy,Enhancement,21,Jukari Burn Poultice,122,Empty Bottle,1,Black Pearl,20,Vanilla,10,Lava Berry,5,,
UOAlive,Alchemy,Enhancement,21,Kurak Ambusher's Essence,142,Empty Bottle,1,Blood Moss,20,Blue Diamond,1,Lava Berry,10,,
UOAlive,Alchemy,Enhancement,21,Night Sight,42,Spiders' Silk,1,Empty Bottle,1,,,,,,
UOAlive,Alchemy,Enhancement,21,Sakkhra Prophylaxis Potion,202,Empty Bottle,1,Nightshade,20,Bottle of Wine,10,Blue Corn,5,,
UOAlive,Alchemy,Enhancement,21,Strength,62,Mandrake Root,2,Empty Bottle,1,,,,,,
UOAlive,Alchemy,Enhancement,21,Urali Trance Tonic,182,Empty Bottle,1,Mandrake Root,20,Sea Serpent or Dragon Scales,10,River Moss,5,,
UOAlive,Alchemy,Toxic,41,Darkglow,102,Empty Bottle,1,Luminescent Fungi,5,,,,,,
UOAlive,Alchemy,Toxic,41,Deadly Poison,62,Nightshade,8,Empty Bottle,1,,,,,,
UOAlive,Alchemy,Toxic,41,Greater Poison,42,Nightshade,4,Empty Bottle,1,,,,,,
UOAlive,Alchemy,Toxic,41,Lesser Poison,2,Nightshade,1,Empty Bottle,1,,,,,,
UOAlive,Alchemy,Toxic,41,Parasitic,82,Empty Bottle,1,Parasitic Plant,5,,,,,,
UOAlive,Alchemy,Toxic,41,Poison,22,Nightshade,2,Empty Bottle,1,,,,,,
UOAlive,Alchemy,Toxic,41,Scouring Toxin,122,Toxic Venom Sac,1,Empty Bottle,1,,,,,,
UOAlive,Alchemy,Explosive,61,Black Powder,142,Sulfurous Ash,1,Saltpeter,6,Charcoal,1,,,,
UOAlive,Alchemy,Explosive,61,Conflagration,62,Empty Bottle,1,Grave Dust,5,,,,,,
UOAlive,Alchemy,Explosive,61,Confusion Blast,102,Empty Bottle,1,Pig Iron,5,,,,,,
UOAlive,Alchemy,Explosive,61,Explosion,22,Sulfurous Ash,5,Empty Bottle,1,,,,,,
UOAlive,Alchemy,Explosive,61,Fuse Cord,162,Ball of Yarn,1,Black Powder,1,Potash,1,,,,
UOAlive,Alchemy,Explosive,61,Greater Conflagration,82,Empty Bottle,1,Grave Dust,10,,,,,,
UOAlive,Alchemy,Explosive,61,Greater Confusion Blast,122,Empty Bottle,1,Pig Iron,10,,,,,,
UOAlive,Alchemy,Explosive,61,Greater Explosion,42,Sulfurous Ash,10,Empty Bottle,1,,,,,,
UOAlive,Alchemy,Explosive,61,Lesser Explosion,2,Sulfurous Ash,3,Empty Bottle,1,,,,,,
UOAlive,Alchemy,Strange Brew,81,Hovering Wisp,22,Captured Essence,4,,,,,,,,
UOAlive,Alchemy,Strange Brew,81,Natural Dye,42,Plant Pigment,1,Color Fixative,1,,,,,,
UOAlive,Alchemy,Strange Brew,81,Nexus Core,62,Mandrake Root,10,Spiders' Silk,10,Dark Sapphire,5,Crushed Glass,5,,
UOAlive,Alchemy,Strange Brew,81,Smoke Bomb,2,Eggs,1,Ginseng,3,,,,,,
UOAlive,Alchemy,Ingredients,101,Bottle of Ichor,122,Darkglow Poison,1,Spiders' Silk,1,,,,,,
UOAlive,Alchemy,Ingredients,101,Color Fixative,22,Silver Serpent Venom,1,Bottle of Wine,1,,,,,,
UOAlive,Alchemy,Ingredients,101,Crystal Dust,62,Broken Crystals,4,,,,,,,,
UOAlive,Alchemy,Ingredients,101,Crystal Granules,42,Shimmering Crystals,1,,,,,,,,
UOAlive,Alchemy,Ingredients,101,Gold Dust,162,Gold,1000,,,,,,,,
UOAlive,Alchemy,Ingredients,101,Plant Pigment,2,Plant Clippings,1,Empty Bottle,1,,,,,,
UOAlive,Alchemy,Ingredients,101,Potash,142,Board,1,,,,,,,,
UOAlive,Alchemy,Ingredients,101,Softened Reeds,82,Dry Reeds,1,Scouring Toxin,2,,,,,,
UOAlive,Alchemy,Ingredients,101,Vial of Vitriol,102,Parasitic Poison,1,Nightshade,30,,,,,,
UOAlive,Tailoring,Materials,1,Abyssal Cloth,62,Cloth,50,Crystalline Blackrock,1,,,,,,
UOAlive,Tailoring,Materials,1,Combine Cloth,22,Cloth,1,,,,,,,,
UOAlive,Tailoring,Materials,1,Cut-up Cloth,2,Bolts of Cloth,1,,,,,,,,
UOAlive,Tailoring,Materials,1,Powder Charge,42,Cloth,1,Black Powder,4,,,,,,
UOAlive,Tailoring,Hats,21,Assassin's Cowl,442,Cloth,5,Leather,5,Vile Tentacles,5,,,,
UOAlive,Tailoring,Hats,21,Bandana,22,Cloth,2,,,,,,,,
UOAlive,Tailoring,Hats,21,Bear Mask,322,Cloth,15,,,,,,,,
UOAlive,Tailoring,Hats,21,Bonnet,162,Cloth,11,,,,,,,,
UOAlive,Tailoring,Hats,21,Cap,62,Cloth,11,,,,,,,,
UOAlive,Tailoring,Hats,21,Chef's Toque,402,Cloth,11,,,,,,,,
UOAlive,Tailoring,Hats,21,Cloth Ninja Hood,262,Cloth,13,,,,,,,,
UOAlive,Tailoring,Hats,21,Cowl of the Mace & Shield,482,Cloth,5,Leather,5,Mace and Shield Reading Glasses,1,Vile Tentacles,10,,
UOAlive,Tailoring,Hats,21,Deer Mask,342,Cloth,15,,,,,,,,
UOAlive,Tailoring,Hats,21,Feathered Hat,182,Cloth,12,,,,,,,,
UOAlive,Tailoring,Hats,21,Floppy Hat,42,Cloth,11,,,,,,,,
UOAlive,Tailoring,Hats,21,Flower Garland,242,Cloth,5,,,,,,,,
UOAlive,Tailoring,Hats,21,Jester Hat,222,Cloth,15,,,,,,,,
UOAlive,Tailoring,Hats,21,Kasa,282,Cloth,12,,,,,,,,
UOAlive,Tailoring,Hats,21,Krampus Minion Hat,422,Cloth,8,,,,,,,,
UOAlive,Tailoring,Hats,21,Mage's Hood,462,Cloth,5,Leather,5,Void Core,5,,,,
UOAlive,Tailoring,Hats,21,Mage's Hood of Scholarly Insight,502,Cloth,5,Leather,5,The Scholar's Halo,1,Void Core,10,,
UOAlive,Tailoring,Hats,21,Orc Mask,302,Cloth,12,,,,,,,,
UOAlive,Tailoring,Hats,21,Skullcap,2,Cloth,2,,,,,,,,
UOAlive,Tailoring,Hats,21,Straw Hat,102,Cloth,10,,,,,,,,
UOAlive,Tailoring,Hats,21,Tall Straw Hat,122,Cloth,13,,,,,,,,
UOAlive,Tailoring,Hats,21,Tribal Mask A,362,Cloth,12,,,,,,,,
UOAlive,Tailoring,Hats,21,Tribal Mask B,382,Cloth,12,,,,,,,,
UOAlive,Tailoring,Hats,21,Tricorne Hat,202,Cloth,12,,,,,,,,
UOAlive,Tailoring,Hats,21,Wide-Brim Hat,82,Cloth,12,,,,,,,,
UOAlive,Tailoring,Hats,21,Wizard's Hat,142,Cloth,15,,,,,,,,
UOAlive,Tailoring,Shirts and Pants,41,Checkered Kilt,722,Cloth,8,,,,,,,,
UOAlive,Tailoring,Shirts and Pants,41,Cloak,142,Cloth,14,,,,,,,,
UOAlive,Tailoring,Shirts and Pants,41,Cloth Ninja Jacket,262,Cloth,12,,,,,,,,
UOAlive,Tailoring,Shirts and Pants,41,Doublet,2,Cloth,8,,,,,,,,
UOAlive,Tailoring,Shirts and Pants,41,Elven Pants,562,Cloth,12,,,,,,,,
UOAlive,Tailoring,Shirts and Pants,41,Elven Robe,582,Cloth,30,,,,,,,,
UOAlive,Tailoring,Shirts and Pants,41,Elven Shirt A,522,Cloth,10,,,,,,,,
UOAlive,Tailoring,Shirts and Pants,41,Elven Shirt B,542,Cloth,10,,,,,,,,
UOAlive,Tailoring,Shirts and Pants,41,Evening Gown,782,Cloth,18,,,,,,,,
UOAlive,Tailoring,Shirts and Pants,41,Fancy Dress,122,Cloth,12,,,,,,,,
UOAlive,Tailoring,Shirts and Pants,41,Fancy Kilt,742,Cloth,8,,,,,,,,
UOAlive,Tailoring,Shirts and Pants,41,Fancy Shirt,42,Cloth,8,,,,,,,,
UOAlive,Tailoring,Shirts and Pants,41,Female Elven Robe,602,Cloth,30,,,,,,,,
UOAlive,Tailoring,Shirts and Pants,41,Female Kimono,342,Cloth,16,,,,,,,,
UOAlive,Tailoring,Shirts and Pants,41,Flowered Dress,762,Cloth,18,,,,,,,,
UOAlive,Tailoring,Shirts and Pants,41,Formal Shirt,242,Cloth,16,,,,,,,,
UOAlive,Tailoring,Shirts and Pants,41,Fur Cape,202,Cloth,12,,,,,,,,
UOAlive,Tailoring,Shirts and Pants,41,Fur Sarong,462,Cloth,12,,,,,,,,
UOAlive,Tailoring,Shirts and Pants,41,Gargish Fancy Robe,662,Cloth,16,,,,,,,,
UOAlive,Tailoring,Shirts and Pants,41,Gargish Robe,642,Cloth,16,,,,,,,,
UOAlive,Tailoring,Shirts and Pants,41,Gilded Dress,222,Cloth,16,,,,,,,,
UOAlive,Tailoring,Shirts and Pants,41,Gilded Kilt,702,Cloth,8,,,,,,,,
UOAlive,Tailoring,Shirts and Pants,41,Hakama,482,Cloth,16,,,,,,,,
UOAlive,Tailoring,Shirts and Pants,41,Hakama-Shita,302,Cloth,14,,,,,,,,
UOAlive,Tailoring,Shirts and Pants,41,Jester Suit,182,Cloth,24,,,,,,,,
UOAlive,Tailoring,Shirts and Pants,41,Jin-Baori,362,Cloth,12,,,,,,,,
UOAlive,Tailoring,Shirts and Pants,41,Kamishimo,282,Cloth,15,,,,,,,,
UOAlive,Tailoring,Shirts and Pants,41,Kilt,422,Cloth,8,,,,,,,,
UOAlive,Tailoring,Shirts and Pants,41,Long Pants,402,Cloth,8,,,,,,,,
UOAlive,Tailoring,Shirts and Pants,41,Male Kimono,322,Cloth,16,,,,,,,,
UOAlive,Tailoring,Shirts and Pants,41,Plain Dress,102,Cloth,10,,,,,,,,
UOAlive,Tailoring,Shirts and Pants,41,Robe,162,Cloth,16,,,,,,,,
UOAlive,Tailoring,Shirts and Pants,41,Robe of Rite,682,Leather,6,Fire Ruby,1,Gold Dust,5,Abyssal Cloth,6,,
UOAlive,Tailoring,Shirts and Pants,41,Shirt,22,Cloth,8,,,,,,,,
UOAlive,Tailoring,Shirts and Pants,41,Short Pants,382,Cloth,6,,,,,,,,
UOAlive,Tailoring,Shirts and Pants,41,Skirt,442,Cloth,10,,,,,,,,
UOAlive,Tailoring,Shirts and Pants,41,Surcoat,82,Cloth,14,,,,,,,,
UOAlive,Tailoring,Shirts and Pants,41,Taattsuke-Hakama,502,Cloth,16,,,,,,,,
UOAlive,Tailoring,Shirts and Pants,41,Tunic,62,Cloth,12,,,,,,,,
UOAlive,Tailoring,Shirts and Pants,41,Woodlaand Belt,622,Cloth,10,,,,,,,,
UOAlive,Tailoring,Miscellaneous,62,A Bag,,Cloth,6,,,,,,,,
UOAlive,Tailoring,Miscellaneous,62,Backpack,102,Leather,15,,,,,,,,
UOAlive,Tailoring,Miscellaneous,62,Body Sash,2,Cloth,4,,,,,,,,
UOAlive,Tailoring,Miscellaneous,62,Brocade Goza (East),402,Cloth,25,,,,,,,,
UOAlive,Tailoring,Miscellaneous,62,Brocade Goza (South),422,Cloth,25,,,,,,,,
UOAlive,Tailoring,Miscellaneous,62,Crimson Dagger Belt,622,Cloth,5,Leather,5,Crimson Cincture,1,Lodestone,10,,
UOAlive,Tailoring,Miscellaneous,62,Crimson Mace Belt,582,Cloth,5,Leather,5,Crimson Cincture,1,Lodestone,10,,
UOAlive,Tailoring,Miscellaneous,62,Crimson Sword Belt,602,Cloth,5,Leather,5,Crimson Cincture,1,Lodestone,10,,
UOAlive,Tailoring,Miscellaneous,62,Dagger Belt,542,Cloth,5,Leather,5,Lodestone,5,,,,
UOAlive,Tailoring,Miscellaneous,62,Elegant Collar,562,Cloth,5,Leather,5,Fey Wings,5,,,,
UOAlive,Tailoring,Miscellaneous,62,Elegant Collar of Fortune,642,Cloth,5,Leather,5,Leurocian's Mempo of Fortune,1,Fey Wings,10,,
UOAlive,Tailoring,Miscellaneous,62,Elven Quiver,142,Leather,28,,,,,,,,
UOAlive,Tailoring,Miscellaneous,62,Full Apron,42,Cloth,10,,,,,,,,
UOAlive,Tailoring,Miscellaneous,62,Gargish Half Apron,262,Cloth,6,,,,,,,,
UOAlive,Tailoring,Miscellaneous,62,Gargish Sash,282,Cloth,4,,,,,,,,
UOAlive,Tailoring,Miscellaneous,62,Goza (East),322,Cloth,25,,,,,,,,
UOAlive,Tailoring,Miscellaneous,62,Goza (South),342,Cloth,25,,,,,,,,
UOAlive,Tailoring,Miscellaneous,62,Half Apron,22,Cloth,6,,,,,,,,
UOAlive,Tailoring,Miscellaneous,62,Leather Container Engraving Tool,242,Bones,1,Leather,6,Spools of Thread,2,Dyes,1,,
UOAlive,Tailoring,Miscellaneous,62,Mace Belt,502,Cloth,5,Leather,5,Lodestone,5,,,,
UOAlive,Tailoring,Miscellaneous,62,Obi,122,Cloth,6,,,,,,,,
UOAlive,Tailoring,Miscellaneous,62,Oil Cloth,302,Cloth,1,,,,,,,,
UOAlive,Tailoring,Miscellaneous,62,Pouch,82,Cloth,8,,,,,,,,
UOAlive,Tailoring,Miscellaneous,62,Quiver of Blight,202,Leather,28,Blight,10,,,,,,
UOAlive,Tailoring,Miscellaneous,62,Quiver of Fire,162,Leather,28,Fire Ruby,15,,,,,,
UOAlive,Tailoring,Miscellaneous,62,Quiver of Ice,182,Leather,28,White Pearl,15,,,,,,
UOAlive,Tailoring,Miscellaneous,62,Quiver of Lightning,222,Leather,28,Corruption,10,,,,,,
UOAlive,Tailoring,Miscellaneous,62,Square Brocade Goza (East),442,Cloth,25,,,,,,,,
UOAlive,Tailoring,Miscellaneous,62,Square Brocade Goza (South),462,Cloth,25,,,,,,,,
UOAlive,Tailoring,Miscellaneous,62,Square Goza,482,Cloth,25,,,,,,,,
UOAlive,Tailoring,Miscellaneous,62,Square Goza (East),362,Cloth,25,,,,,,,,
UOAlive,Tailoring,Miscellaneous,62,Square Goza (South),382,Cloth,25,,,,,,,,
UOAlive,Tailoring,Miscellaneous,62,Sword Belt,522,Cloth,5,Leather,5,Lodestone,5,,,,
UOAlive,Tailoring,Footwear,81,Boots,122,Leather,8,,,,,,,,
UOAlive,Tailoring,Footwear,81,Elven Boots,2,Leather,15,,,,,,,,
UOAlive,Tailoring,Footwear,81,Fur Boots,22,Cloth,12,,,,,,,,
UOAlive,Tailoring,Footwear,81,Gargish Leather Talons,162,Leather,6,,,,,,,,
UOAlive,Tailoring,Footwear,81,Jester Shoes,182,Cloth,6,,,,,,,,
UOAlive,Tailoring,Footwear,81,Krampus Minion Talons,222,Leather,6,Cloth,4,,,,,,
UOAlive,Tailoring,Footwear,81,Krampus Minon Boots,202,Leather,6,Cloth,4,,,,,,
UOAlive,Tailoring,Footwear,81,Ninja Tabi,42,Cloth,10,,,,,,,,
UOAlive,Tailoring,Footwear,81,Sandals,82,Leather,4,,,,,,,,
UOAlive,Tailoring,Footwear,81,Shoes,102,Leather,6,,,,,,,,
UOAlive,Tailoring,Footwear,81,Thigh Boots,142,Leather,10,,,,,,,,
UOAlive,Tailoring,Footwear,81,Waraji and Tabi,62,Cloth,6,,,,,,,,
UOAlive,Tailoring,Leather Armor,101,Dragon Turtle Hide Arms,862,Leather,4,Dragon Turtle Scute,2,,,,,,
UOAlive,Tailoring,Leather Armor,101,Dragon Turtle Hide Chest,802,Leather,8,Dragon Turtle Scute,2,,,,,,
UOAlive,Tailoring,Leather Armor,101,Dragon Turtle Hide Helm,842,Leather,2,Dragon Turtle Scute,1,,,,,,
UOAlive,Tailoring,Leather Armor,101,Dragon Turtle Hide Leggings,822,Leather,8,Dragon Turtle Scute,4,,,,,,
UOAlive,Tailoring,Leather Armor,101,Gargish Leather Arms A,522,Leather,8,,,,,,,,
UOAlive,Tailoring,Leather Armor,101,Gargish Leather Arms B,602,Leather,8,,,,,,,,
UOAlive,Tailoring,Leather Armor,101,Gargish Leather Chest A,542,Leather,8,,,,,,,,
UOAlive,Tailoring,Leather Armor,101,Gargish Leather Chest B,622,Leather,8,,,,,,,,
UOAlive,Tailoring,Leather Armor,101,Gargish Leather Kilt A,582,Leather,6,,,,,,,,
UOAlive,Tailoring,Leather Armor,101,Gargish Leather Kilt B,662,Leather,6,,,,,,,,
UOAlive,Tailoring,Leather Armor,101,Gargish Leather Leggings A,562,Leather,10,,,,,,,,
UOAlive,Tailoring,Leather Armor,101,Gargish Leather Leggings B,642,Leather,10,,,,,,,,
UOAlive,Tailoring,Leather Armor,101,Gargish Leather Wing Armor,682,Leather,12,,,,,,,,
UOAlive,Tailoring,Leather Armor,101,Leaf Arms,422,Leather,12,,,,,,,,
UOAlive,Tailoring,Leather Armor,101,Leaf Gloves,442,Leather,10,,,,,,,,
UOAlive,Tailoring,Leather Armor,101,Leaf Gorget,482,Leather,12,,,,,,,,
UOAlive,Tailoring,Leather Armor,101,Leaf Leggings,462,Leather,15,,,,,,,,
UOAlive,Tailoring,Leather Armor,101,Leaf Tonlet,502,Leather,12,,,,,,,,
UOAlive,Tailoring,Leather Armor,101,Leaf Tunic,402,Leather,15,,,,,,,,
UOAlive,Tailoring,Leather Armor,101,Leather Cap,82,Leather,2,,,,,,,,
UOAlive,Tailoring,Leather Armor,101,Leather Do,222,Leather,12,,,,,,,,
UOAlive,Tailoring,Leather Armor,101,Leather Gloves,102,Leather,3,,,,,,,,
UOAlive,Tailoring,Leather Armor,101,Leather Gorget,62,Leather,4,,,,,,,,
UOAlive,Tailoring,Leather Armor,101,Leather Haidate,282,Leather,12,,,,,,,,
UOAlive,Tailoring,Leather Armor,101,Leather Hiro Sode,242,Leather,5,,,,,,,,
UOAlive,Tailoring,Leather Armor,101,Leather Jingasa,182,Leather,4,,,,,,,,
UOAlive,Tailoring,Leather Armor,101,Leather Leggings,142,Leather,10,,,,,,,,
UOAlive,Tailoring,Leather Armor,101,Leather Mempo,202,Leather,8,,,,,,,,
UOAlive,Tailoring,Leather Armor,101,Leather Ninja Belt,342,Leather,5,,,,,,,,
UOAlive,Tailoring,Leather Armor,101,Leather Ninja Hood,382,Leather,14,,,,,,,,
UOAlive,Tailoring,Leather Armor,101,Leather Ninja Jacket,322,Leather,13,,,,,,,,
UOAlive,Tailoring,Leather Armor,101,Leather Ninja Mitts,362,Leather,12,,,,,,,,
UOAlive,Tailoring,Leather Armor,101,Leather Ninja Pants,302,Leather,13,,,,,,,,
UOAlive,Tailoring,Leather Armor,101,Leather Sleeves,122,Leather,4,,,,,,,,
UOAlive,Tailoring,Leather Armor,101,Leather Sueate,262,Leather,12,,,,,,,,
UOAlive,Tailoring,Leather Armor,101,Leather Tunic,162,Leather,12,,,,,,,,
UOAlive,Tailoring,Leather Armor,101,Song Woven Mantle,22,Leather,15,Eye of the Travesty,1,Blight,10,Muculent,10,,
UOAlive,Tailoring,Leather Armor,101,Spell Woven Britches,2,Leather,15,Eye of the Travesty,1,Putrefaction,10,Scourge,10,,
UOAlive,Tailoring,Leather Armor,101,Stitcher's Mittens,42,Leather,15,Captured Essence,1,Corruption,10,Taint,10,,
UOAlive,Tailoring,Leather Armor,101,Tiger Pelt Chest,702,Tiger Pelt,4,Leather,8,,,,,,
UOAlive,Tailoring,Leather Armor,101,Tiger Pelt Collar,782,Tiger Pelt,2,Leather,1,,,,,,
UOAlive,Tailoring,Leather Armor,101,Tiger Pelt Helm,762,Tiger Pelt,2,Leather,2,,,,,,
UOAlive,Tailoring,Leather Armor,101,Tiger Pelt Leggings,722,Tiger Pelt,8,Leather,4,,,,,,
UOAlive,Tailoring,Leather Armor,101,Tiger Pelt Shorts,742,Tiger Pelt,4,Leather,2,,,,,,
UOAlive,Tailoring,Cloth Armor,121,Gargish Cloth Arms A,2,Cloth,8,,,,,,,,
UOAlive,Tailoring,Cloth Armor,121,Gargish Cloth Arms B,82,Cloth,8,,,,,,,,
UOAlive,Tailoring,Cloth Armor,121,Gargish Cloth Chest A,22,Cloth,8,,,,,,,,
UOAlive,Tailoring,Cloth Armor,121,Gargish Cloth Chest B,102,Cloth,8,,,,,,,,
UOAlive,Tailoring,Cloth Armor,121,Gargish Cloth Kilt A,62,Cloth,6,,,,,,,,
UOAlive,Tailoring,Cloth Armor,121,Gargish Cloth Kilt B,142,Cloth,6,,,,,,,,
UOAlive,Tailoring,Cloth Armor,121,Gargish Cloth Leggings A,42,Cloth,10,,,,,,,,
UOAlive,Tailoring,Cloth Armor,121,Gargish Cloth Leggings B,122,Cloth,10,,,,,,,,
UOAlive,Tailoring,Cloth Armor,121,Gargish Cloth Wing Armor,162,Cloth,12,,,,,,,,
UOAlive,Tailoring,Studded Armor,141,Hide Gloves,242,Leather,10,,,,,,,,
UOAlive,Tailoring,Studded Armor,141,Hide Gorget,282,Leather,12,,,,,,,,
UOAlive,Tailoring,Studded Armor,141,Hide Pants,262,Leather,15,,,,,,,,
UOAlive,Tailoring,Studded Armor,141,Hide Pauldrons,222,Leather,12,,,,,,,,
UOAlive,Tailoring,Studded Armor,141,Hide Tunic,202,Leather,15,,,,,,,,
UOAlive,Tailoring,Studded Armor,141,Studded Do,122,Leather,14,,,,,,,,
UOAlive,Tailoring,Studded Armor,141,Studded Gloves,22,Leather,8,,,,,,,,
UOAlive,Tailoring,Studded Armor,141,Studded Gorget,2,Leather,6,,,,,,,,
UOAlive,Tailoring,Studded Armor,141,Studded Haidate,182,Leather,14,,,,,,,,
UOAlive,Tailoring,Studded Armor,141,Studded Hiro Sode,142,Leather,8,,,,,,,,
UOAlive,Tailoring,Studded Armor,141,Studded Leggings,62,Leather,12,,,,,,,,
UOAlive,Tailoring,Studded Armor,141,Studded Mempo,102,Leather,8,,,,,,,,
UOAlive,Tailoring,Studded Armor,141,Studded Sleeves,42,Leather,10,,,,,,,,
UOAlive,Tailoring,Studded Armor,141,Studded Suneate,162,Leather,14,,,,,,,,
UOAlive,Tailoring,Studded Armor,141,Studded Tunic,82,Leather,14,,,,,,,,
UOAlive,Tailoring,Female Armor,161,Dragon Turtle Hide Bustier,182,Leather,6,Dragon Turtle Scute,3,,,,,,
UOAlive,Tailoring,Female Armor,161,Female Leather Armor,82,Leather,8,,,,,,,,
UOAlive,Tailoring,Female Armor,161,Leather Bustier,42,Leather,6,,,,,,,,
UOAlive,Tailoring,Female Armor,161,Leather Shorts,2,Leather,8,,,,,,,,
UOAlive,Tailoring,Female Armor,161,Leather Skirt,22,Leather,6,,,,,,,,
UOAlive,Tailoring,Female Armor,161,Studded Armor,102,Leather,10,,,,,,,,
UOAlive,Tailoring,Female Armor,161,Studded Bustier,62,Leather,8,,,,,,,,
UOAlive,Tailoring,Female Armor,161,Tiger Pelt Bustier,122,Tiger Pelt,3,Leather,6,,,,,,
UOAlive,Tailoring,Female Armor,161,Tiger Pelt Long Skirt,142,Tiger Pelt,2,Leather,4,,,,,,
UOAlive,Tailoring,Female Armor,161,Tiger Pelt Skirt,162,Tiger Pelt,2,Leather,4,,,,,,
UOAlive,Tailoring,Bone Armor,181,Bone Armor,82,Leather,12,Bones,10,,,,,,
UOAlive,Tailoring,Bone Armor,181,Bone Arms,42,Leather,8,Bones,4,,,,,,
UOAlive,Tailoring,Bone Armor,181,Bone Gloves,22,Leather,6,Bones,2,,,,,,
UOAlive,Tailoring,Bone Armor,181,Bone Helmet,2,Leather,4,Bones,2,,,,,,
UOAlive,Tailoring,Bone Armor,181,Bone Leggings,62,Leather,10,Bones,6,,,,,,
UOAlive,Tailoring,Bone Armor,181,Cuffs of the Archmage,122,Cloth,8,Midnight Bracers,1,Blood of the Dark Father,5,Dark Sapphire,4,,
UOAlive,Tailoring,Bone Armor,181,Orc Helm,102,Leather,6,Bones,4,,,,,,
UOAlive,Blacksmithing,Metal Armor,1,Gargish Amulet,542,Ingot,3,,,,,,,,
UOAlive,Blacksmithing,Metal Armor,1,Platemail Tunic,222,Ingot,25,,,,,,,,
UOAlive,Blacksmithing,Metal Armor,1,Universal Barding Deed,262,Ingot,750,,,,,,,,
UOAlive,Blacksmithing,Metal Armor,1,britches of warding,562,Ingot,18,Leggings of Bane,1,Turquoise,4,Blood of the Dark Father,5,,
UOAlive,Blacksmithing,Metal Armor,1,chainmail coif,82,Ingot,10,,,,,,,,
UOAlive,Blacksmithing,Metal Armor,1,chainmail leggings,102,Ingot,18,,,,,,,,
UOAlive,Blacksmithing,Metal Armor,1,chainmail tunic,122,Ingot,20,,,,,,,,
UOAlive,Blacksmithing,Metal Armor,1,gargish platemail arms,382,Ingot,18,,,,,,,,
UOAlive,Blacksmithing,Metal Armor,1,gargish platemail arms (A),462,Ingot,18,,,,,,,,
UOAlive,Blacksmithing,Metal Armor,1,gargish platemail chest,402,Ingot,25,,,,,,,,
UOAlive,Blacksmithing,Metal Armor,1,gargish platemail chest (A),482,Ingot,25,,,,,,,,
UOAlive,Blacksmithing,Metal Armor,1,gargish platemail kilt,442,Ingot,12,,,,,,,,
UOAlive,Blacksmithing,Metal Armor,1,gargish platemail kilt (A),522,Ingot,12,,,,,,,,
UOAlive,Blacksmithing,Metal Armor,1,gargish platemail leggings,422,Ingot,20,,,,,,,,
UOAlive,Blacksmithing,Metal Armor,1,gargish platemail leggings (A),502,Ingot,20,,,,,,,,
UOAlive,Blacksmithing,Metal Armor,1,platemail (female),242,Ingot,20,,,,,,,,
UOAlive,Blacksmithing,Metal Armor,1,platemail arms,142,Ingot,18,,,,,,,,
UOAlive,Blacksmithing,Metal Armor,1,platemail do,302,Ingot,28,,,,,,,,
UOAlive,Blacksmithing,Metal Armor,1,platemail gloves,162,Ingot,12,,,,,,,,
UOAlive,Blacksmithing,Metal Armor,1,platemail gorget,182,Ingot,10,,,,,,,,
UOAlive,Blacksmithing,Metal Armor,1,platemail haidate,362,Ingot,20,,,,,,,,
UOAlive,Blacksmithing,Metal Armor,1,platemail hiro sode,322,Ingot,16,,,,,,,,
UOAlive,Blacksmithing,Metal Armor,1,platemail legs,202,Ingot,20,,,,,,,,
UOAlive,Blacksmithing,Metal Armor,1,platemail mempo,282,Ingot,18,,,,,,,,
UOAlive,Blacksmithing,Metal Armor,1,platemail suneate,342,Ingot,20,,,,,,,,
UOAlive,Blacksmithing,Metal Armor,1,ringmail gloves,2,Ingot,10,,,,,,,,
UOAlive,Blacksmithing,Metal Armor,1,ringmail leggings,22,Ingot,16,,,,,,,,
UOAlive,Blacksmithing,Metal Armor,1,ringmail sleeves,42,Ingot,14,,,,,,,,
UOAlive,Blacksmithing,Metal Armor,1,ringmail tunic,62,Ingot,18,,,,,,,,
UOAlive,Blacksmithing,Helmets,21,bascinet,2,Ingot,15,,,,,,,,
UOAlive,Blacksmithing,Helmets,21,chainmail hatsuburi,102,Ingot,20,,,,,,,,
UOAlive,Blacksmithing,Helmets,21,circlet,262,Ingot,6,,,,,,,,
UOAlive,Blacksmithing,Helmets,21,close helmet,22,Ingot,15,,,,,,,,
UOAlive,Blacksmithing,Helmets,21,decorative platemail kabuto,202,Ingot,25,,,,,,,,
UOAlive,Blacksmithing,Helmets,21,gemmed circlet,302,Ingot,6,Tourmaline,1,Amethyst,1,Blue Diamond,1,,
UOAlive,Blacksmithing,Helmets,21,heavy platemail jingasa,142,Ingot,20,,,,,,,,
UOAlive,Blacksmithing,Helmets,21,helmet,42,Ingot,15,,,,,,,,
UOAlive,Blacksmithing,Helmets,21,light platemail jingasa,162,Ingot,20,,,,,,,,
UOAlive,Blacksmithing,Helmets,21,norse helm,62,Ingot,15,,,,,,,,
UOAlive,Blacksmithing,Helmets,21,plate helm,82,Ingot,15,,,,,,,,
UOAlive,Blacksmithing,Helmets,21,platemail battle kabuto,222,Ingot,25,,,,,,,,
UOAlive,Blacksmithing,Helmets,21,platemail hatsuburi,122,Ingot,20,,,,,,,,
UOAlive,Blacksmithing,Helmets,21,royal circlet,282,Ingot,6,,,,,,,,
UOAlive,Blacksmithing,Helmets,21,small platemail jingasa,182,Ingot,20,,,,,,,,
UOAlive,Blacksmithing,Helmets,21,standard platemail kabuto,242,Ingot,25,,,,,,,,
UOAlive,Blacksmithing,Shields,41,bronze shield,22,Ingot,12,,,,,,,,
UOAlive,Blacksmithing,Shields,41,buckler,2,Ingot,10,,,,,,,,
UOAlive,Blacksmithing,Shields,41,chaos shield,122,Ingot,25,,,,,,,,
UOAlive,Blacksmithing,Shields,41,gargish Chaos shield,242,Ingot,25,,,,,,,,
UOAlive,Blacksmithing,Shields,41,gargish Order shield,262,Ingot,25,,,,,,,,
UOAlive,Blacksmithing,Shields,41,gargish kite shield,182,Ingot,16,,,,,,,,
UOAlive,Blacksmithing,Shields,41,heater shield,42,Ingot,18,,,,,,,,
UOAlive,Blacksmithing,Shields,41,large plate shield,202,Ingot,18,,,,,,,,
UOAlive,Blacksmithing,Shields,41,medium plate shield,222,Ingot,14,,,,,,,,
UOAlive,Blacksmithing,Shields,41,metal kite shield,82,Ingot,16,,,,,,,,
UOAlive,Blacksmithing,Shields,41,metal shield,62,Ingot,14,,,,,,,,
UOAlive,Blacksmithing,Shields,41,order shield,142,Ingot,25,,,,,,,,
UOAlive,Blacksmithing,Shields,41,small plate shield,162,Ingot,12,,,,,,,,
UOAlive,Blacksmithing,Shields,41,tear kite shield,102,Ingot,8,,,,,,,,
UOAlive,Blacksmithing,Bladed,61,Cold Forged Blade,542,Ingot,18,Grizzled Bones,11,Blight,10,,,,
UOAlive,Blacksmithing,Bladed,61,Corrupted Rune Blade,1062,Ingot,15,Corruption,1,,,,,,
UOAlive,Blacksmithing,Bladed,61,Diseased Machete,982,Ingot,14,Blight,1,,,,,,
UOAlive,Blacksmithing,Bladed,61,Luminous Rune Blade,582,Ingot,15,Grizzled Bones,1,Corruption,10,Putrefaction,10,,
UOAlive,Blacksmithing,Bladed,61,Orcish Machete,942,Ingot,14,Scourge,1,,,,,,
UOAlive,Blacksmithing,Bladed,61,Overseer Sundered Blade,562,Ingot,15,Grizzled Bones,1,Blight,10,Scourge,10,,
UOAlive,Blacksmithing,Bladed,61,Paladin Sword,202,Ingot,20,Fire Ruby,2,Dark Sapphire,2,Perfect Emerald,2,,
UOAlive,Blacksmithing,Bladed,61,Rune Carving Knife,522,Ingot,9,Dread Horn Mane,1,Putrefaction,10,Muculent,10,,
UOAlive,Blacksmithing,Bladed,61,Skinning Knife,,,,,,,,,,,
UOAlive,Blacksmithing,Bladed,61,adventurer's machete,922,Ingot,14,White Pearl,1,,,,,,
UOAlive,Blacksmithing,Bladed,61,assassin spike,442,Ingot,9,,,,,,,,
UOAlive,Blacksmithing,Bladed,61,bloodblade,1342,Ingot,8,,,,,,,,
UOAlive,Blacksmithing,Bladed,61,bone harvester,2,Ingot,10,,,,,,,,
UOAlive,Blacksmithing,Bladed,61,bone machete,1162,Ingot,20,Bones,6,,,,,,
UOAlive,Blacksmithing,Bladed,61,broadsword,22,Ingot,10,,,,,,,,
UOAlive,Blacksmithing,Bladed,61,butcher's war cleaver,862,Ingot,18,Turquoise,1,,,,,,
UOAlive,Blacksmithing,Bladed,61,charged assassin spike,702,Ingot,9,Ecru Citrine,1,,,,,,
UOAlive,Blacksmithing,Bladed,61,crescent blade,42,Ingot,14,,,,,,,,
UOAlive,Blacksmithing,Bladed,61,cutlass,62,Ingot,8,,,,,,,,
UOAlive,Blacksmithing,Bladed,61,dagger,82,Ingot,3,,,,,,,,
UOAlive,Blacksmithing,Bladed,61,daisho,282,Ingot,15,,,,,,,,
UOAlive,Blacksmithing,Bladed,61,darkglow scimitar,1102,Ingot,15,Dark Sapphire,1,,,,,,
UOAlive,Blacksmithing,Bladed,61,dread sword,1282,Ingot,14,,,,,,,,
UOAlive,Blacksmithing,Bladed,61,elven machete,502,Ingot,14,,,,,,,,
UOAlive,Blacksmithing,Bladed,61,elven spellblade,422,Ingot,14,,,,,,,,
UOAlive,Blacksmithing,Bladed,61,fiery spellblade,642,Ingot,14,Fire Ruby,1,,,,,,
UOAlive,Blacksmithing,Bladed,61,gargish bone harvester,1222,Ingot,10,,,,,,,,
UOAlive,Blacksmithing,Bladed,61,gargish dagger,1322,Ingot,3,,,,,,,,
UOAlive,Blacksmithing,Bladed,61,gargish daisho,1262,Ingot,15,,,,,,,,
UOAlive,Blacksmithing,Bladed,61,gargish katana,1182,Ingot,8,,,,,,,,
UOAlive,Blacksmithing,Bladed,61,gargish kryss,1202,Ingot,8,,,,,,,,
UOAlive,Blacksmithing,Bladed,61,gargish talwar,1302,Ingot,18,,,,,,,,
UOAlive,Blacksmithing,Bladed,61,gargish tekagi,1242,Ingot,12,,,,,,,,
UOAlive,Blacksmithing,Bladed,61,icy scimitar,1122,Ingot,15,Dark Sapphire,1,,,,,,
UOAlive,Blacksmithing,Bladed,61,icy spellblade,622,Ingot,14,Turquoise,1,,,,,,
UOAlive,Blacksmithing,Bladed,61,kama,342,Ingot,14,,,,,,,,
UOAlive,Blacksmithing,Bladed,61,katana,102,Ingot,8,,,,,,,,
UOAlive,Blacksmithing,Bladed,61,knight's war cleaver,842,Ingot,18,Perfect Emerald,1,,,,,,
UOAlive,Blacksmithing,Bladed,61,kryss,122,Ingot,8,,,,,,,,
UOAlive,Blacksmithing,Bladed,61,lajatang,262,Ingot,25,,,,,,,,
UOAlive,Blacksmithing,Bladed,61,leafblade,462,Ingot,12,,,,,,,,
UOAlive,Blacksmithing,Bladed,61,leafblade of ease,822,Ingot,12,Perfect Emerald,1,,,,,,
UOAlive,Blacksmithing,Bladed,61,longsword,142,Ingot,12,,,,,,,,
UOAlive,Blacksmithing,Bladed,61,luckblade,782,Ingot,12,White Pearl,1,,,,,,
UOAlive,Blacksmithing,Bladed,61,machete of defense,962,Ingot,14,Brilliant Amber,1,,,,,,
UOAlive,Blacksmithing,Bladed,61,mage's rune blade,1022,Ingot,15,Blue Diamond,1,,,,,,
UOAlive,Blacksmithing,Bladed,61,magekiller assassin spike,722,Ingot,9,Brilliant Amber,1,,,,,,
UOAlive,Blacksmithing,Bladed,61,magekiller leafblade,802,Ingot,12,Fire Ruby,1,,,,,,
UOAlive,Blacksmithing,Bladed,61,no-dachi,222,Ingot,18,,,,,,,,
UOAlive,Blacksmithing,Bladed,61,radiant scimitar,382,Ingot,15,,,,,,,,
UOAlive,Blacksmithing,Bladed,61,rune blade,482,Ingot,15,,,,,,,,
UOAlive,Blacksmithing,Bladed,61,rune blade of knowledge,1042,Ingot,15,Ecru Citrine,1,,,,,,
UOAlive,Blacksmithing,Bladed,61,runesabre,1002,Ingot,15,Turquoise,1,,,,,,
UOAlive,Blacksmithing,Bladed,61,sai,362,Ingot,12,,,,,,,,
UOAlive,Blacksmithing,Bladed,61,scimitar,162,Ingot,10,,,,,,,,
UOAlive,Blacksmithing,Bladed,61,serrated war cleaver,882,Ingot,18,Ecru Citrine,1,,,,,,
UOAlive,Blacksmithing,Bladed,61,shortblade,1362,Ingot,12,,,,,,,,
UOAlive,Blacksmithing,Bladed,61,shuriken,322,Ingot,5,,,,,,,,
UOAlive,Blacksmithing,Bladed,61,spellblade of defense,662,Ingot,18,White Pearl,1,,,,,,
UOAlive,Blacksmithing,Bladed,61,tekagi,302,Ingot,12,,,,,,,,
UOAlive,Blacksmithing,Bladed,61,true assassin spike,682,Ingot,9,Dark Sapphire,1,,,,,,
UOAlive,Blacksmithing,Bladed,61,true leafblade,762,Ingot,12,Blue Diamond,1,,,,,,
UOAlive,Blacksmithing,Bladed,61,true radiant scimitar,1082,Ingot,15,Brilliant Amber,1,,,,,,
UOAlive,Blacksmithing,Bladed,61,true spellblade,602,Ingot,14,Blue Diamond,1,,,,,,
UOAlive,Blacksmithing,Bladed,61,true war cleaver,902,Ingot,18,Brilliant Amber,1,,,,,,
UOAlive,Blacksmithing,Bladed,61,twinkling scimitar,1142,Ingot,15,Dark Sapphire,1,,,,,,
UOAlive,Blacksmithing,Bladed,61,viking sword,182,Ingot,14,,,,,,,,
UOAlive,Blacksmithing,Bladed,61,wakizashi,242,Ingot,8,,,,,,,,
UOAlive,Blacksmithing,Bladed,61,war cleaver,402,Ingot,18,,,,,,,,
UOAlive,Blacksmithing,Bladed,61,wounding assassin spike,742,Ingot,9,Perfect Emerald,1,,,,,,
UOAlive,Blacksmithing,Axes,81,axe,2,Ingot,14,,,,,,,,
UOAlive,Blacksmithing,Axes,81,battle axe,22,Ingot,14,,,,,,,,
UOAlive,Blacksmithing,Axes,81,double axe,42,Ingot,12,,,,,,,,
UOAlive,Blacksmithing,Axes,81,dual short axes,282,Ingot,24,,,,,,,,
UOAlive,Blacksmithing,Axes,81,executioner's axe,62,Ingot,14,,,,,,,,
UOAlive,Blacksmithing,Axes,81,gargish axe,262,Ingot,14,,,,,,,,
UOAlive,Blacksmithing,Axes,81,gargish battle axe,242,Ingot,14,,,,,,,,
UOAlive,Blacksmithing,Axes,81,guardian axe,162,Ingot,15,Blue Diamond,1,,,,,,
UOAlive,Blacksmithing,Axes,81,heavy ornate axe,222,Ingot,15,Turquoise,1,,,,,,
UOAlive,Blacksmithing,Axes,81,large battle axe,82,Ingot,12,,,,,,,,
UOAlive,Blacksmithing,Axes,81,ornate axe,142,Ingot,18,,,,,,,,
UOAlive,Blacksmithing,Axes,81,singing axe,182,Ingot,15,Brilliant Amber,1,,,,,,
UOAlive,Blacksmithing,Axes,81,thundering axe,202,Ingot,15,Ecru Citrine,1,,,,,,
UOAlive,Blacksmithing,Axes,81,two handed axe,102,Ingot,16,,,,,,,,
UOAlive,Blacksmithing,Axes,81,war axe,122,Ingot,16,,,,,,,,
UOAlive,Blacksmithing,Polearms,101,bardiche,2,Ingot,18,,,,,,,,
UOAlive,Blacksmithing,Polearms,101,bladed staff,22,Ingot,12,,,,,,,,
UOAlive,Blacksmithing,Polearms,101,double bladed staff,42,Ingot,16,,,,,,,,
UOAlive,Blacksmithing,Polearms,101,dual pointed spear,302,Ingot,16,,,,,,,,
UOAlive,Blacksmithing,Polearms,101,gargish bardiche,202,Ingot,18,,,,,,,,
UOAlive,Blacksmithing,Polearms,101,gargish lance,282,Ingot,20,,,,,,,,
UOAlive,Blacksmithing,Polearms,101,gargish pike,262,Ingot,12,,,,,,,,
UOAlive,Blacksmithing,Polearms,101,gargish scythe,242,Ingot,14,,,,,,,,
UOAlive,Blacksmithing,Polearms,101,gargish war fork,222,Ingot,12,,,,,,,,
UOAlive,Blacksmithing,Polearms,101,halberd,62,Ingot,20,,,,,,,,
UOAlive,Blacksmithing,Polearms,101,lance,82,Ingot,20,,,,,,,,
UOAlive,Blacksmithing,Polearms,101,pike,102,Ingot,12,,,,,,,,
UOAlive,Blacksmithing,Polearms,101,scythe,142,Ingot,14,,,,,,,,
UOAlive,Blacksmithing,Polearms,101,short spear,122,Ingot,6,,,,,,,,
UOAlive,Blacksmithing,Polearms,101,spear,162,Ingot,12,,,,,,,,
UOAlive,Blacksmithing,Polearms,101,war fork,182,Ingot,12,,,,,,,,
UOAlive,Blacksmithing,Bashing,121,Shard Thrasher,162,Ingot,20,Eye of the Travesty,1,Muculent,10,Corruption,10,,
UOAlive,Blacksmithing,Bashing,121,diamond mace,142,Ingot,20,,,,,,,,
UOAlive,Blacksmithing,Bashing,121,disc mace,322,Ingot,20,,,,,,,,
UOAlive,Blacksmithing,Bashing,121,emerald mace,202,Ingot,20,Perfect Emerald,1,,,,,,
UOAlive,Blacksmithing,Bashing,121,gargish maul,282,Ingot,10,,,,,,,,
UOAlive,Blacksmithing,Bashing,121,gargish tessen,302,Ingot,16,Cloth,10,,,,,,
UOAlive,Blacksmithing,Bashing,121,gargish war hammer,262,Ingot,16,,,,,,,,
UOAlive,Blacksmithing,Bashing,121,hammer pick,2,Ingot,16,,,,,,,,
UOAlive,Blacksmithing,Bashing,121,mace,22,Ingot,6,,,,,,,,
UOAlive,Blacksmithing,Bashing,121,maul,42,Ingot,10,,,,,,,,
UOAlive,Blacksmithing,Bashing,121,ruby mace,182,Ingot,20,Fire Ruby,1,,,,,,
UOAlive,Blacksmithing,Bashing,121,sapphire mace,222,Ingot,20,Dark Sapphire,1,,,,,,
UOAlive,Blacksmithing,Bashing,121,scepter,62,Ingot,10,,,,,,,,
UOAlive,Blacksmithing,Bashing,121,silver-etched mace,242,Ingot,20,Blue Diamond,1,,,,,,
UOAlive,Blacksmithing,Bashing,121,tessen,122,Ingot,16,Cloth,10,,,,,,
UOAlive,Blacksmithing,Bashing,121,war hammer,102,Ingot,16,,,,,,,,
UOAlive,Blacksmithing,Bashing,121,war mace,82,Ingot,14,,,,,,,,
UOAlive,Blacksmithing,Cannons,141,Cannonball,2,Ingot,10,,,,,,,,
UOAlive,Blacksmithing,Cannons,141,carronade,62,Ingot,250,Board,25,,,,,,
UOAlive,Blacksmithing,Cannons,141,culverin,42,Ingot,150,Board,25,,,,,,
UOAlive,Blacksmithing,Cannons,141,grapeshot,22,Ingot,8,Cloth,2,,,,,,
UOAlive,Blacksmithing,Throwing,161,Boomerang,2,Ingot,5,,,,,,,,
UOAlive,Blacksmithing,Throwing,161,Cyclone,22,Ingot,9,,,,,,,,
UOAlive,Blacksmithing,Throwing,161,Soul Glaive,42,Ingot,9,,,,,,,,
UOAlive,Blacksmithing,Miscellaneous,181,Crushed Glass,102,Blue Diamond,1,Glass Sword,5,,,,,,
UOAlive,Blacksmithing,Miscellaneous,181,dragon breastplate,82,Dragon Scales,36,,,,,,,,
UOAlive,Blacksmithing,Miscellaneous,181,dragon gloves,2,Dragon Scales,16,,,,,,,,
UOAlive,Blacksmithing,Miscellaneous,181,dragon helm,22,Dragon Scales,20,,,,,,,,
UOAlive,Blacksmithing,Miscellaneous,181,dragon leggings,42,Dragon Scales,28,,,,,,,,
UOAlive,Blacksmithing,Miscellaneous,181,dragon sleeves,62,Dragon Scales,24,,,,,,,,
UOAlive,Blacksmithing,Miscellaneous,181,exodus sacrificial dagger,162,Ingot,12,Blue Diamond,2,Fire Ruby,2,a small piece of blackrock,10,,
UOAlive,Blacksmithing,Miscellaneous,181,gloves of feudal grip,182,Dragon Scales,18,Blue Diamond,4,Gauntlets of Nobility,1,Blood of the Dark Father,5,,
UOAlive,Blacksmithing,Miscellaneous,181,metal keg,142,Ingot,25,,,,,,,,
UOAlive,Blacksmithing,Miscellaneous,181,powdered iron,122,White Pearl,1,Ingot,20,,,,,,
OSI,Tinkering,Tools,9003,shovel,18,Ingot,4,,,,,,,,
OSI,Tinkering,Tools,9003,tinker's tools,11,Ingot,2,,,,,,,,
UOAlive,Tinkering,Tools,41,clippers,462,Ingot,4,,,,,,,,
UOAlive,Tinkering,Tools,41,dovetail saw,162,Ingot,4,,,,,,,,
UOAlive,Tinkering,Tools,41,draw knife,102,Ingot,2,,,,,,,,
UOAlive,Tinkering,Tools,41,fletcher's tools,402,Ingot,3,,,,,,,,
UOAlive,Tinkering,Tools,41,flour sifter,382,Ingot,3,,,,,,,,
UOAlive,Tinkering,Tools,41,froe,182,Ingot,2,,,,,,,,
UOAlive,Tinkering,Tools,41,hammer,222,Ingot,1,,,,,,,,
UOAlive,Tinkering,Tools,41,hatchet,82,Ingot,4,,,,,,,,
UOAlive,Tinkering,Tools,41,inshave,302,Ingot,2,,,,,,,,
UOAlive,Tinkering,Tools,41,lockpick,342,Ingot,1,,,,,,,,
UOAlive,Tinkering,Tools,41,mapmaker's pen,422,Ingot,1,,,,,,,,
UOAlive,Tinkering,Tools,41,metal container engraving tool,482,Ingot,4,Springs,1,Gears,2,Diamond,1,,
UOAlive,Tinkering,Tools,41,mortar and pestle,22,Ingot,3,,,,,,,,
UOAlive,Tinkering,Tools,41,pickaxe,322,Ingot,4,,,,,,,,
UOAlive,Tinkering,Tools,41,pitchfork,502,Ingot,4,,,,,,,,
UOAlive,Tinkering,Tools,41,saw,142,Ingot,4,,,,,,,,
UOAlive,Tinkering,Tools,41,scissors,2,Ingot,2,,,,,,,,
UOAlive,Tinkering,Tools,41,scorp,42,Ingot,2,,,,,,,,
UOAlive,Tinkering,Tools,41,scribe's pen,442,Ingot,1,,,,,,,,
UOAlive,Tinkering,Tools,41,sewing kit,122,Ingot,2,,,,,,,,
UOAlive,Tinkering,Tools,41,shovel,202,Ingot,4,,,,,,,,
UOAlive,Tinkering,Tools,41,skillet,362,Ingot,4,,,,,,,,
UOAlive,Tinkering,Tools,41,sledge hammer,282,Ingot,4,,,,,,,,
UOAlive,Tinkering,Tools,41,smith's hammer,262,Ingot,4,,,,,,,,
UOAlive,Tinkering,Tools,41,tinker's tools,62,Ingot,2,,,,,,,,
UOAlive,Tinkering,Tools,41,tongs,242,Ingot,1,,,,,,,,
UOAlive,Tinkering,Miscellaneous,101,Curled Metal Sign Hanger,402,Ingot,8,,,,,,,,
UOAlive,Tinkering,Miscellaneous,101,End Curled Metal Sign Hanger,462,Ingot,8,,,,,,,,
UOAlive,Tinkering,Miscellaneous,101,Flourished Metal Sign Hanger,422,Ingot,8,,,,,,,,
UOAlive,Tinkering,Miscellaneous,101,Gorgon Lens,302,Medusa Dark Scales,2,Crystal Dust,3,,,,,,
UOAlive,Tinkering,Miscellaneous,101,Inward Curled Metal Sign Hanger,442,Ingot,8,,,,,,,,
UOAlive,Tinkering,Miscellaneous,101,Kotl Power Core,662,Workable Glass,5,Copper Wire,5,Ingot,100,Moonstone Crystal Shard,5,,
UOAlive,Tinkering,Miscellaneous,101,Left Metal Door (E In),582,Ingot,50,,,,,,,,
UOAlive,Tinkering,Miscellaneous,101,Left Metal Door (E Out),522,Ingot,50,,,,,,,,
UOAlive,Tinkering,Miscellaneous,101,Left Metal Door (S In),482,Ingot,50,,,,,,,,
UOAlive,Tinkering,Miscellaneous,101,Left Metal Door (S Out),622,Ingot,50,,,,,,,,
UOAlive,Tinkering,Miscellaneous,101,Right Metal Door (E In),602,Ingot,50,,,,,,,,
UOAlive,Tinkering,Miscellaneous,101,Right Metal Door (E Out),542,Ingot,50,,,,,,,,
UOAlive,Tinkering,Miscellaneous,101,Right Metal Door (S In),502,Ingot,50,,,,,,,,
UOAlive,Tinkering,Miscellaneous,101,Right Metal Door (S Out),642,Ingot,50,,,,,,,,
UOAlive,Tinkering,Miscellaneous,101,Ter-Mur style candelabra,262,Ingot,4,,,,,,,,
UOAlive,Tinkering,Miscellaneous,101,a scale collar,322,Red Scales,4,Scourge,1,,,,,,
UOAlive,Tinkering,Miscellaneous,101,barbed whip,762,Ingot,5,Leather,10,,,,,,
UOAlive,Tinkering,Miscellaneous,101,bladed whip,802,Ingot,5,Leather,10,,,,,,
UOAlive,Tinkering,Miscellaneous,101,candelabra,22,Ingot,4,,,,,,,,
UOAlive,Tinkering,Miscellaneous,101,communication crystal,282,Ingot,20,Emerald,10,Ruby,10,Copper Wire,1,,
UOAlive,Tinkering,Miscellaneous,101,currency wall safe,562,Ingot,20,,,,,,,,
UOAlive,Tinkering,Miscellaneous,101,dragon lamp,342,Ingot,8,Candelabra,1,Workable Glass,1,,,,
UOAlive,Tinkering,Miscellaneous,101,fancy wind chimes,242,Ingot,15,,,,,,,,
UOAlive,Tinkering,Miscellaneous,101,globe,82,Ingot,4,,,,,,,,
UOAlive,Tinkering,Miscellaneous,101,heating stand,142,Ingot,4,,,,,,,,
UOAlive,Tinkering,Miscellaneous,101,iron key,62,Ingot,3,,,,,,,,
UOAlive,Tinkering,Miscellaneous,101,key ring,2,Ingot,2,,,,,,,,
UOAlive,Tinkering,Miscellaneous,101,lantern,122,Ingot,2,,,,,,,,
UOAlive,Tinkering,Miscellaneous,101,paper lantern,182,Ingot,10,Board,5,,,,,,
UOAlive,Tinkering,Miscellaneous,101,round paper lantern,202,Ingot,10,Board,5,,,,,,
UOAlive,Tinkering,Miscellaneous,101,scales,42,Ingot,4,,,,,,,,
UOAlive,Tinkering,Miscellaneous,101,shoji lantern,162,Ingot,10,Board,5,,,,,,
UOAlive,Tinkering,Miscellaneous,101,spiked whip,782,Ingot,5,Leather,10,,,,,,
UOAlive,Tinkering,Miscellaneous,101,spyglass,102,Ingot,4,,,,,,,,
UOAlive,Tinkering,Miscellaneous,101,stained glass lamp,362,Ingot,8,Candelabra,1,Workable Glass,1,,,,
UOAlive,Tinkering,Miscellaneous,101,tall double lamp,382,Ingot,8,Candelabra,1,Workable Glass,1,,,,
UOAlive,Tinkering,Miscellaneous,101,weathered bronze archer sculpture,742,Ingot,200,,,,,,,,
UOAlive,Tinkering,Miscellaneous,101,weathered bronze fairy sculpture,722,Ingot,200,,,,,,,,
UOAlive,Tinkering,Miscellaneous,101,weathered bronze globe sculpture,682,Bronze Ingot,200,,,,,,,,
UOAlive,Tinkering,Miscellaneous,101,weathered bronze man on a bench,702,Ingot,200,,,,,,,,
UOAlive,Tinkering,Miscellaneous,101,wind chimes,222,Ingot,15,,,,,,,,
UOAlive,Tinkering,Utensils,81,butcher knife,2,Ingot,2,,,,,,,,
UOAlive,Tinkering,Utensils,81,cleaver,122,Ingot,3,,,,,,,,
UOAlive,Tinkering,Utensils,81,fork (left),82,Ingot,1,,,,,,,,
UOAlive,Tinkering,Utensils,81,fork (right),102,Ingot,1,,,,,,,,
UOAlive,Tinkering,Utensils,81,gargish butcher's knife,262,Ingot,2,,,,,,,,
UOAlive,Tinkering,Utensils,81,gargish cleaver,242,Ingot,3,,,,,,,,
UOAlive,Tinkering,Utensils,81,goblet,182,Ingot,2,,,,,,,,
UOAlive,Tinkering,Utensils,81,knife (left),142,Ingot,1,,,,,,,,
UOAlive,Tinkering,Utensils,81,knife (right),162,Ingot,1,,,,,,,,
UOAlive,Tinkering,Utensils,81,pewter mug,202,Ingot,2,,,,,,,,
UOAlive,Tinkering,Utensils,81,plate,62,Ingot,2,,,,,,,,
UOAlive,Tinkering,Utensils,81,skinning knife,222,Ingot,2,,,,,,,,
UOAlive,Tinkering,Utensils,81,spoon (left),22,Ingot,1,,,,,,,,
UOAlive,Tinkering,Utensils,81,spoon (right),42,Ingot,1,,,,,,,,
UOAlive,Tinkering,Parts,61,barrel hoops,102,Ingot,5,,,,,,,,
UOAlive,Tinkering,Parts,61,barrel tap,42,Ingot,2,,,,,,,,
UOAlive,Tinkering,Parts,61,bola balls,142,Ingot,10,,,,,,,,
UOAlive,Tinkering,Parts,61,gears,2,Ingot,2,,,,,,,,
UOAlive,Tinkering,Parts,61,hinge,122,Ingot,2,,,,,,,,
UOAlive,Tinkering,Parts,61,jeweled filigree,162,Ingot,2,Star Sapphire,1,Ruby,1,,,,
UOAlive,Tinkering,Parts,61,springs,62,Ingot,2,,,,,,,,
UOAlive,Tinkering,Parts,61,clock parts,22,Ingot,1,,,,,,,,
UOAlive,Tinkering,Parts,61,sextant parts,82,Ingot,4,,,,,,,,
UOAlive,Tinkering,Assemblies,121,Kotl Automaton,382,Ingot,300,Automaton Actuator,1,Stasis Chamber Power Core,1,Inoperative Automaton Head,1,,
UOAlive,Tinkering,Assemblies,121,advanced training dummy (east),322,Training Dummy (East) Deed,1,Plate Chest,1,Close Helm,1,Broadsword,1,,
UOAlive,Tinkering,Assemblies,121,advanced training dummy (south),302,Training Dummy (South) Deed,1,Plate Chest,1,Close Helm,1,Broadsword,1,,
UOAlive,Tinkering,Assemblies,121,arcanic rune stone,262,Crystal Shards,1,Power Crystal,5,,,,,,
UOAlive,Tinkering,Assemblies,121,axle with gears,2,Axle,1,Gears,1,,,,,,
UOAlive,Tinkering,Assemblies,121,bola,122,Bola Balls,4,Leather,3,,,,,,
UOAlive,Tinkering,Assemblies,121,clock (left),82,Clock Frame,1,Clock Parts,1,,,,,,
UOAlive,Tinkering,Assemblies,121,clock (right),62,Clock Frame,1,Clock Parts,1,,,,,,
UOAlive,Tinkering,Assemblies,121,clock parts,22,Axle with Gears,1,Springs,1,,,,,,
UOAlive,Tinkering,Assemblies,121,clockword scorpion assembly,182,Clockwork Assembly,1,Power Crystal,1,Void Essence,1,,,,
UOAlive,Tinkering,Assemblies,121,distillery (east),362,Metal Keg,2,Heating Stand,4,Copper Wire,1,,,,
UOAlive,Tinkering,Assemblies,121,distillery (south),342,Metal Keg,2,Heating Stand,4,Copper Wire,1,,,,
UOAlive,Tinkering,Assemblies,121,hitching post (replica),242,Ingot,50,Animal Pheromone,1,Hitching Rope,2,Phillips' Wooden Steed,1,,
UOAlive,Tinkering,Assemblies,121,hitching rope,222,Rope,1,Resolve's Bridle,1,,,,,,
UOAlive,Tinkering,Assemblies,121,leather wolf assembly,162,Clockwork Assembly,1,Power Crystal,1,Void Essence,2,,,,
UOAlive,Tinkering,Assemblies,121,oracle of the sea,422,Ingot,3,Workable Glass,3,Ocean Sapphire,3,,,,
UOAlive,Tinkering,Assemblies,121,potion keg,142,Keg,1,Bottle,10,Barrel Lid,1,Barrel Tap,1,,
UOAlive,Tinkering,Assemblies,121,sextant,102,Sextant Parts,1,,,,,,,,
UOAlive,Tinkering,Assemblies,121,sextant parts,42,Axle with Gears,1,Hinge,1,,,,,,
UOAlive,Tinkering,Assemblies,121,telescope,402,Ingot,25,Workable Glass,1,Sextant Parts,1,,,,
UOAlive,Tinkering,Assemblies,121,void orb,282,Dark Sapphire,1,Black Pearl,50,,,,,,
UOAlive,Tinkering,Assemblies,121,vollem assembly,202,Clockwork Assembly,1,Power Crystal,1,Void Essence,3,,,,
UOAlive,Tinkering,Jewelry,1,amber bracelet,1062,Ingot,2,Amber,1,,,,,,
UOAlive,Tinkering,Jewelry,1,amber earrings,1022,Ingot,2,Amber,1,,,,,,
UOAlive,Tinkering,Jewelry,1,amber necklace (golden),1042,Ingot,2,Amber,1,,,,,,
UOAlive,Tinkering,Jewelry,1,amber necklace (jewelled),1002,Ingot,2,Amber,1,,,,,,
UOAlive,Tinkering,Jewelry,1,amber necklace (silver),982,Ingot,2,Amber,1,,,,,,
UOAlive,Tinkering,Jewelry,1,amber ring,962,Ingot,2,Amber,1,,,,,,
UOAlive,Tinkering,Jewelry,1,amethyst bracelet,822,Ingot,2,Amethyst,1,,,,,,
UOAlive,Tinkering,Jewelry,1,amethyst earrings,782,Ingot,2,Amethyst,1,,,,,,
UOAlive,Tinkering,Jewelry,1,amethyst necklace (golden),802,Ingot,2,Amethyst,1,,,,,,
UOAlive,Tinkering,Jewelry,1,amethyst necklace (jewelled),762,Ingot,2,Amethyst,1,,,,,,
UOAlive,Tinkering,Jewelry,1,amethyst necklace (silver),742,Ingot,2,Amethyst,1,,,,,,
UOAlive,Tinkering,Jewelry,1,amethyst ring,722,Ingot,2,Amethyst,1,,,,,,
UOAlive,Tinkering,Jewelry,1,bracelet,22,Ingot,3,,,,,,,,
UOAlive,Tinkering,Jewelry,1,candied staff,1222,Ingot,12,Board,10,,,,,,
UOAlive,Tinkering,Jewelry,1,citrine bracelet,702,Ingot,2,Citrine,1,,,,,,
UOAlive,Tinkering,Jewelry,1,citrine earrings,662,Ingot,2,Citrine,1,,,,,,
UOAlive,Tinkering,Jewelry,1,citrine necklace (golden),682,Ingot,2,Citrine,1,,,,,,
UOAlive,Tinkering,Jewelry,1,citrine necklace (jewelled),642,Ingot,2,Citrine,1,,,,,,
UOAlive,Tinkering,Jewelry,1,citrine necklace (silver),622,Ingot,2,Citrine,1,,,,,,
UOAlive,Tinkering,Jewelry,1,citrine ring,602,Ingot,2,Citrine,1,,,,,,
UOAlive,Tinkering,Jewelry,1,diamond bracelet,1182,Ingot,2,Diamond,1,,,,,,
UOAlive,Tinkering,Jewelry,1,diamond earrings,1142,Ingot,2,Diamond,1,,,,,,
UOAlive,Tinkering,Jewelry,1,diamond necklace (golden),1162,Ingot,2,Diamond,1,,,,,,
UOAlive,Tinkering,Jewelry,1,diamond necklace (jewelled),1122,Ingot,2,Diamond,1,,,,,,
UOAlive,Tinkering,Jewelry,1,diamond necklace (silver),1102,Ingot,2,Diamond,1,,,,,,
UOAlive,Tinkering,Jewelry,1,diamond ring,1082,Ingot,2,Diamond,1,,,,,,
UOAlive,Tinkering,Jewelry,1,emerald bracelet,342,Ingot,2,Emerald,1,,,,,,
UOAlive,Tinkering,Jewelry,1,emerald earrings,302,Ingot,2,Emerald,1,,,,,,
UOAlive,Tinkering,Jewelry,1,emerald necklace (golden),322,Ingot,2,Emerald,1,,,,,,
UOAlive,Tinkering,Jewelry,1,emerald necklace (jeweled),282,Ingot,2,Emerald,1,,,,,,
UOAlive,Tinkering,Jewelry,1,emerald necklace (silver),262,Ingot,2,Emerald,1,,,,,,
UOAlive,Tinkering,Jewelry,1,emerald ring,242,Ingot,2,Emerald,1,,,,,,
UOAlive,Tinkering,Jewelry,1,gargish bracelet,62,Ingot,3,,,,,,,,
UOAlive,Tinkering,Jewelry,1,gargish earrings,102,Ingot,3,,,,,,,,
UOAlive,Tinkering,Jewelry,1,gargish necklace,42,Ingot,3,,,,,,,,
UOAlive,Tinkering,Jewelry,1,gargish ring,82,Ingot,3,,,,,,,,
UOAlive,Tinkering,Jewelry,1,krampus minion earrings,1202,Ingot,3,,,,,,,,
UOAlive,Tinkering,Jewelry,1,ring,2,Ingot,3,,,,,,,,
UOAlive,Tinkering,Jewelry,1,ruby bracelet,582,Ingot,2,Ruby,1,,,,,,
UOAlive,Tinkering,Jewelry,1,ruby earrings,542,Ingot,2,Ruby,1,,,,,,
UOAlive,Tinkering,Jewelry,1,ruby necklace (golden),562,Ingot,2,Ruby,1,,,,,,
UOAlive,Tinkering,Jewelry,1,ruby necklace (jewelled),522,Ingot,2,Ruby,1,,,,,,
UOAlive,Tinkering,Jewelry,1,ruby necklace (silver),502,Ingot,2,Ruby,1,,,,,,
UOAlive,Tinkering,Jewelry,1,ruby ring,482,Ingot,2,Ruby,1,,,,,,
UOAlive,Tinkering,Jewelry,1,sapphire bracelet,462,Ingot,2,Sapphire,1,,,,,,
UOAlive,Tinkering,Jewelry,1,sapphire earrings,422,Ingot,2,Sapphire,1,,,,,,
UOAlive,Tinkering,Jewelry,1,sapphire necklace (golden),442,Ingot,2,Sapphire,1,,,,,,
UOAlive,Tinkering,Jewelry,1,sapphire necklace (jewelled),402,Ingot,2,Sapphire,1,,,,,,
UOAlive,Tinkering,Jewelry,1,sapphire necklace (silver),382,Ingot,2,Sapphire,1,,,,,,
UOAlive,Tinkering,Jewelry,1,sapphire ring,362,Ingot,2,Sapphire,1,,,,,,
UOAlive,Tinkering,Jewelry,1,star sapphire bracelet,222,Ingot,2,Star Sapphire,1,,,,,,
UOAlive,Tinkering,Jewelry,1,star sapphire earrings,182,Ingot,2,Star Sapphire,1,,,,,,
UOAlive,Tinkering,Jewelry,1,star sapphire necklace (golden),202,Ingot,2,Star Sapphire,1,,,,,,
UOAlive,Tinkering,Jewelry,1,star sapphire necklace (jewelled),162,Ingot,2,Star Sapphire,1,,,,,,
UOAlive,Tinkering,Jewelry,1,star sapphire necklace (silver),142,Ingot,2,Star Sapphire,1,,,,,,
UOAlive,Tinkering,Jewelry,1,star sapphire ring,122,Ingot,2,Star Sapphire,1,,,,,,
UOAlive,Tinkering,Jewelry,1,tourmaline bracelet,942,Ingot,2,Tourmaline,1,,,,,,
UOAlive,Tinkering,Jewelry,1,tourmaline earrings,902,Ingot,2,Tourmaline,1,,,,,,
UOAlive,Tinkering,Jewelry,1,tourmaline necklace (golden),922,Ingot,2,Tourmaline,1,,,,,,
UOAlive,Tinkering,Jewelry,1,tourmaline necklace (jewelled),882,Ingot,2,Tourmaline,1,,,,,,
UOAlive,Tinkering,Jewelry,1,tourmaline necklace (silver),862,Ingot,2,Tourmaline,1,,,,,,
UOAlive,Tinkering,Jewelry,1,tourmaline ring,842,Ingot,2,Tourmaline,1,,,,,,
UOAlive,Tinkering,Magic Jewelry,161,Dr. Spector's lenses,222,Ingot,20,Blackrock Moonstone,1,Hat of the Magi,1,,,,
UOAlive,Tinkering,Magic Jewelry,161,Essence of Battle,182,Ingot,2,Captured Essence,1,Fire Ruby,10,Ruby,50,,
UOAlive,Tinkering,Magic Jewelry,161,Pendant of the Magi,202,Ingot,2,Eye of the Travesty,1,White Pearl,5,Star Sapphire,50,,
UOAlive,Tinkering,Magic Jewelry,161,Resilient Bracer,162,Ingot,2,Captured Essence,1,Blue Diamond,10,Diamond,50,,
UOAlive,Tinkering,Magic Jewelry,161,blue diamond ring,102,Ingot,5,Diamond,20,Blue Diamond,10,,,,
UOAlive,Tinkering,Magic Jewelry,161,bracelet of primal consumption,242,Ingot,3,Ring of the Elements,1,Blood of the Dark Father,5,White Pearl,4,,
UOAlive,Tinkering,Magic Jewelry,161,brilliant amber bracelet,2,Ingot,5,Amber,20,Brilliant Amber,10,,,,
UOAlive,Tinkering,Magic Jewelry,161,dark sapphire bracelet,42,Ingot,5,Sapphire,20,Dark Sapphire,10,,,,
UOAlive,Tinkering,Magic Jewelry,161,ecru citrine ring,82,Ingot,5,Citrine,20,Ecru Citrine,10,,,,
UOAlive,Tinkering,Magic Jewelry,161,fire ruby bracelet,22,Ingot,5,Ruby,20,Fire Ruby,10,,,,
UOAlive,Tinkering,Magic Jewelry,161,perfect emerald ring,122,Ingot,5,Emerald,20,Perfect Emerald,10,,,,
UOAlive,Tinkering,Magic Jewelry,161,turquoise ring,142,Ingot,5,Amethyst,20,Turquoise,10,,,,
UOAlive,Tinkering,Magic Jewelry,161,white pearl bracelet,62,Ingot,5,Tourmaline,20,White Pearl,10,,,,
UOAlive,Tinkering,Wooden Items,21,axle,102,Board,2,,,,,,,,
UOAlive,Tinkering,Wooden Items,21,basket,302,Softened Reeds,2,Shaft,3,,,,,,
UOAlive,Tinkering,Wooden Items,21,bushel,202,Softened Reeds,1,Shaft,2,,,,,,
UOAlive,Tinkering,Wooden Items,21,clock frame,82,Board,6,,,,,,,,
UOAlive,Tinkering,Wooden Items,21,enchanted picnic basket,102,Softened Reeds,2,Shaft,3,,,,,,
UOAlive,Tinkering,Wooden Items,21,jointing plane,22,Board,4,,,,,,,,
UOAlive,Tinkering,Wooden Items,21,moulding planes,42,Board,4,,,,,,,,
UOAlive,Tinkering,Wooden Items,21,nunchaku,2,Ingot,3,Board,8,,,,,,
UOAlive,Tinkering,Wooden Items,21,picnic basket,242,Softened Reeds,1,Shaft,2,,,,,,
UOAlive,Tinkering,Wooden Items,21,ramrod,142,Board,8,,,,,,,,
UOAlive,Tinkering,Wooden Items,21,rolling pin,122,Board,5,,,,,,,,
UOAlive,Tinkering,Wooden Items,21,round basket,182,Softened Reeds,2,Shaft,3,,,,,,
UOAlive,Tinkering,Wooden Items,21,small bushel,22,Softened Reeds,1,Shaft,2,,,,,,
UOAlive,Tinkering,Wooden Items,21,small round basket,382,Softened Reeds,1,Shaft,2,,,,,,
UOAlive,Tinkering,Wooden Items,21,small square basket,342,Softened Reeds,1,Shaft,2,,,,,,
UOAlive,Tinkering,Wooden Items,21,smoothing plane,62,Board,4,,,,,,,,
UOAlive,Tinkering,Wooden Items,21,softened reeds,162,Dry Reeds,1,Scouring Toxin,2,,,,,,
UOAlive,Tinkering,Wooden Items,21,square basket,282,Softened Reeds,2,Shaft,3,,,,,,
UOAlive,Tinkering,Wooden Items,21,tall basket,362,Softened Reeds,3,Shaft,4,,,,,,
UOAlive,Tinkering,Wooden Items,21,tall round basket,322,Softened Reeds,3,Shaft,4,,,,,,
UOAlive,Tinkering,Wooden Items,21,winnowing basket,262,Softened Reeds,2,Shaft,3,,,,,,
UOAlive,Tinkering,Traps,141,dart trap,2,Ingot,1,Bolt,1,,,,,,
UOAlive,Tinkering,Traps,141,explosion trap,42,Ingot,1,Base Explosion Potion,1,,,,,,
UOAlive,Tinkering,Traps,141,poison trap,22,Ingot,1,Base Poison Potion,1,,,,,,
